id	gdp_2008	gdp_pps_2008	pop_t_2008
AT111	700000	641000	37,452
AT112	3573000	3272000	146,383
AT113	1947000	1783000	97,35
AT121	6341000	5807000	241,083
AT122	6306000	5774000	251,838
AT123	4919000	4504000	147,468
AT124	5180000	4743000	221,222
AT125	2084000	1908000	123,848
AT126	7132000	6530000	298,285
AT127	12811000	11731000	312,794
AT130	75049000	68722000	1674,909
AT211	9139000	8369000	274,722
AT212	3068000	2810000	129,886
AT213	3772000	3454000	155,714
AT221	15365000	14070000	390,764
AT222	2217000	2030000	80,673
AT223	4968000	4550000	169,119
AT224	6081000	5568000	268,186
AT225	4240000	3882000	190,684
AT226	2574000	2357000	105,521
AT311	7077000	6481000	274,955
AT312	24423000	22364000	545,051
AT313	3907000	3578000	204,174
AT314	4942000	4525000	153,101
AT315	6937000	6352000	229,383
AT321	505000	463000	21,051
AT322	5312000	4864000	162,999
AT323	14667000	13431000	343,402
AT331	1245000	1140000	31,874
AT332	10414000	9536000	280,137
AT333	1220000	1117000	50,353
AT334	3380000	3095000	100,464
AT335	8461000	7748000	237,879
AT341	3436000	3146000	88,478
AT342	9693000	8876000	277,39
BE100	64190000	57332000	1048,491
BE211	40364000	36051000	969,563
BE212	11169000	9976000	319,107
BE213	13540000	12094000	427,037
BE221	13192000	11783000	401,919
BE222	5433000	4852000	229,441
BE223	3792000	3387000	195,33
BE231	5722000	5110000	269,489
BE232	4192000	3744000	190,338
BE233	1845000	1648000	80,864
BE234	19042000	17008000	516,609
BE235	3284000	2933000	118,101
BE236	6786000	6061000	233,083
BE241	22892000	20446000	584,416
BE242	13046000	11652000	475,816
BE251	8864000	7917000	275,599
BE252	1046000	934000	49,012
BE253	2699000	2410000	105,144
BE254	9147000	8169000	278,672
BE255	3729000	3331000	149,287
BE256	4786000	4275000	143,616
BE257	2960000	2643000	89,584
BE258	1763000	1575000	59,573
BE310	12184000	10882000	373,492
BE321	1460000	1304000	82,725
BE322	10460000	9342000	423,204
BE323	5073000	4531000	250,431
BE324	1845000	1648000	71,411
BE325	3422000	3056000	181,217
BE326	2021000	1805000	148,178
BE327	3498000	3124000	142,931
BE331	2330000	2081000	105,77
BE332	15810000	14121000	597,478
BE334	1090000	973000	73,905
BE335	4354000	3889000	202,4
BE336	1788000	1597000	74,169
BE341	1325000	1184000	56,392
BE342	867000	774000	44,012
BE343	1318000	1177000	53,593
BE344	1378000	1231000	58,726
BE345	805000	719000	51,361
BE351	1830000	1635000	104,719
BE352	7670000	6850000	296,494
BE353	995000	889000	64,167
BG311	289000	677000	112,604
BG312	442000	1033000	161,161
BG313	756000	1770000	202,711
BG314	806000	1886000	297,928
BG315	490000	1147000	155,468
BG321	808000	1891000	278,764
BG322	497000	1164000	133,218
BG323	952000	2228000	253,008
BG324	376000	881000	136,062
BG325	332000	776000	130,898
BG331	2413000	5647000	459,613
BG332	600000	1405000	203,138
BG333	595000	1392000	196,559
BG334	365000	855000	132,771
BG341	1851000	4332000	420,095
BG342	504000	1180000	207,786
BG343	359000	840000	142,475
BG344	1603000	3751000	355,626
BG411	13296000	31117000	1240,788
BG412	920000	2153000	256,511
BG413	1046000	2449000	329,309
BG414	716000	1676000	138,773
BG415	416000	972000	149,187
BG421	2456000	5747000	705,121
BG422	751000	1757000	261,726
BG423	906000	2121000	294,086
BG424	455000	1065000	128,2
BG425	431000	1008000	156,652
CH011	30077000	24028000	672,039
CH012	10001000	7990000	298,58
CH013	22498000	17973000	438,177
CH021	38155000	30481000	962,982
CH022	8957000	7155000	263,241
CH023	9941000	7942000	250,24
CH024	7016000	5605000	169,782
CH025	2370000	1893000	69,555
CH031	16209000	12949000	185,227
CH032	12301000	9827000	269,145
CH033	24502000	19574000	581,562
CH040	73828000	58979000	1307,567
CH051	2171000	1734000	38,237
CH052	3526000	2817000	74,527
CH053	2063000	1648000	52,654
CH054	579000	463000	15,471
CH055	18341000	14652000	465,937
CH056	7990000	6383000	188,762
CH057	9222000	7367000	238,316
CH061	13520000	10801000	363,475
CH062	1454000	1162000	34,989
CH063	5707000	4559000	141,024
CH064	1112000	888000	33,997
CH065	2104000	1681000	40,287
CH066	7670000	6127000	109,141
CH070	11510000	9195000	328,58
CY000	17287000	19316000	789,269
CZ010	37176000	52877000	1212,097
CZ020	15901000	22617000	1201,827
CZ031	7582000	10785000	633,264
CZ032	6821000	9702000	561,074
CZ041	3017000	4291000	307,449
CZ042	9496000	13506000	831,18
CZ051	4501000	6402000	433,948
CZ052	6564000	9336000	552,212
CZ053	6057000	8616000	511,4
CZ063	5731000	8151000	513,677
CZ064	15775000	22437000	1140,534
CZ071	6852000	9747000	641,791
CZ072	7099000	10097000	590,78
CZ080	15308000	21773000	1249,897
DE111	34225000	32855000	597,176
DE112	15299000	14686000	372,755
DE113	16887000	16211000	514,503
DE114	6757000	6486000	255,807
DE115	16482000	15822000	515,146
DE116	11324000	10871000	417,131
DE117	5262000	5052000	121,627
DE118	10589000	10165000	330,302
DE119	3663000	3516000	109,9
DE11A	6272000	6020000	189,288
DE11B	4232000	4062000	135,387
DE11C	3924000	3767000	133,449
DE11D	10096000	9692000	314,624
DE121	2448000	2350000	54,853
DE122	13908000	13351000	288,917
DE123	12833000	12319000	431,519
DE124	7555000	7252000	227,929
DE125	6461000	6203000	145,311
DE126	15415000	14798000	309,795
DE127	3742000	3592000	149,572
DE128	14414000	13837000	534,989
DE129	4402000	4225000	119,423
DE12A	3592000	3448000	159,644
DE12B	4617000	4433000	195,457
DE12C	3898000	3742000	121,865
DE131	8356000	8021000	219,43
DE132	5609000	5384000	250,183
DE133	3649000	3503000	157,629
DE134	13662000	13115000	417,754
DE135	4416000	4239000	141,551
DE136	6708000	6440000	209,709
DE137	4757000	4566000	135,306
DE138	8024000	7703000	275,12
DE139	6151000	5905000	222,528
DE13A	4232000	4062000	167,2
DE141	8420000	8083000	281,58
DE142	5565000	5342000	217,482
DE143	5517000	5297000	191,531
DE144	6976000	6696000	121,434
DE145	5070000	4867000	190,212
DE146	6958000	6679000	189,089
DE147	7499000	7199000	206,759
DE148	9181000	8814000	276,47
DE149	3873000	3718000	132,419
DE211	7371000	7076000	123,055
DE212	73344000	70408000	1311,573
DE213	2449000	2351000	60,674
DE214	4765000	4574000	108,773
DE215	2770000	2659000	102,383
DE216	3316000	3183000	120,834
DE217	3002000	2882000	136,272
DE218	3153000	3027000	126,4
DE219	2730000	2621000	124,419
DE21A	2933000	2816000	124,876
DE21B	7712000	7403000	164,692
DE21C	4099000	3935000	201,148
DE21D	2104000	2020000	86,872
DE21E	2924000	2807000	113,311
DE21F	2814000	2701000	95,267
DE21G	3360000	3226000	110,536
DE21H	26951000	25872000	315,462
DE21I	2665000	2558000	91,067
DE21J	3235000	3105000	116,407
DE21K	6826000	6553000	248,047
DE21L	4958000	4759000	129,515
DE21M	5171000	4964000	170,546
DE21N	3883000	3727000	131,317
DE221	2956000	2838000	62,629
DE222	2984000	2865000	50,741
DE223	2092000	2009000	44,625
DE224	3617000	3472000	117,594
DE225	1748000	1678000	80,427
DE226	2823000	2710000	113,088
DE227	4012000	3852000	148,286
DE228	4368000	4194000	188,462
DE229	2007000	1927000	80,195
DE22A	3184000	3056000	118,8
DE22B	2102000	2018000	97,81
DE22C	3794000	3642000	91,481
DE231	2039000	1958000	44,216
DE232	9854000	9460000	132,495
DE233	2064000	1981000	42,445
DE234	2229000	2140000	107,069
DE235	3670000	3523000	129,605
DE236	3923000	3765000	128,488
DE237	2166000	2079000	99,007
DE238	3677000	3529000	182,721
DE239	3933000	3775000	144,089
DE23A	1909000	1833000	76,549
DE241	3913000	3756000	69,884
DE242	3589000	3445000	73,097
DE243	2512000	2412000	41,283
DE244	1733000	1663000	47,744
DE245	2752000	2641000	144,949
DE246	2043000	1961000	107,649
DE247	2149000	2063000	90,244
DE248	2225000	2136000	113,389
DE249	2752000	2642000	103,686
DE24A	2079000	1995000	72,289
DE24B	2127000	2042000	76,153
DE24C	2029000	1948000	69,045
DE24D	2105000	2020000	79,433
DE251	1916000	1839000	40,33
DE252	6538000	6276000	104,65
DE253	4601000	4417000	114,13
DE254	23345000	22410000	503,11
DE255	1147000	1101000	38,753
DE256	4719000	4530000	182,293
DE257	3346000	3212000	130,873
DE258	2434000	2337000	114,483
DE259	4327000	4154000	167,444
DE25A	2286000	2195000	99,106
DE25B	2820000	2707000	125,24
DE25C	2304000	2211000	93,711
DE261	3746000	3596000	68,646
DE262	4081000	3918000	53,798
DE263	5884000	5649000	135,212
DE264	4408000	4232000	174,168
DE265	2629000	2524000	106,628
DE266	2307000	2215000	84,676
DE267	2100000	2016000	86,477
DE268	2500000	2400000	89,293
DE269	3457000	3319000	130,303
DE26A	3817000	3664000	130,148
DE26B	2007000	1926000	114,657
DE26C	3402000	3266000	160,761
DE271	11360000	10905000	262,992
DE272	1317000	1265000	42,043
DE273	2694000	2587000	61,703
DE274	2067000	1985000	41,021
DE275	2942000	2824000	127,785
DE276	6149000	5903000	240,976
DE277	2457000	2358000	94,759
DE278	4372000	4197000	121,691
DE279	5068000	4865000	164,135
DE27A	2163000	2077000	80,139
DE27B	3699000	3551000	134,462
DE27C	3526000	3385000	135,898
DE27D	4805000	4613000	130,035
DE27E	3775000	3624000	150,69
DE300	88066000	84540000	3416,255
DE411	1817000	1744000	61,969
DE412	3002000	2882000	177,589
DE413	3228000	3098000	191,64
DE414	4119000	3954000	201,945
DE415	3647000	3501000	188,035
DE416	2058000	1976000	105,812
DE417	1739000	1669000	85,705
DE418	2784000	2673000	134,958
DE421	1713000	1644000	72,954
DE422	3066000	2943000	102,811
DE423	4723000	4534000	150,833
DE424	4742000	4552000	161,699
DE425	2128000	2043000	117,522
DE426	2478000	2378000	155,359
DE427	2670000	2563000	127,278
DE428	3505000	3365000	204,51
DE429	3054000	2931000	132,798
DE42A	3578000	3434000	162,32
DE501	23502000	22561000	547,769
DE502	3769000	3618000	115,313
DE600	86970000	83488000	1770,629
DE711	7697000	7389000	142,191
DE712	53260000	51127000	659,021
DE713	4398000	4222000	118,245
DE714	13165000	12638000	275,849
DE715	6651000	6385000	264,38
DE716	6360000	6106000	289,071
DE717	9107000	8743000	253,013
DE718	8470000	8131000	226,043
DE719	11054000	10611000	408,162
DE71A	9087000	8723000	225,426
DE71B	2227000	2138000	98,954
DE71C	11245000	10795000	336,671
DE71D	3794000	3642000	184,152
DE71E	7414000	7117000	299,054
DE721	7670000	7363000	255,776
DE722	7947000	7628000	258,063
DE723	4050000	3888000	173,754
DE724	7619000	7314000	252,187
DE725	2465000	2366000	113,479
DE731	8619000	8274000	193,803
DE732	6889000	6613000	219,055
DE733	3872000	3717000	125,211
DE734	5400000	5184000	240,728
DE735	4631000	4445000	187,058
DE736	4487000	4308000	166,053
DE737	2478000	2378000	107,156
DE801	1395000	1339000	53,845
DE802	2168000	2082000	66,735
DE803	5605000	5380000	200,413
DE804	3010000	2889000	95,855
DE805	1696000	1628000	58,027
DE806	1203000	1155000	45,012
DE807	2337000	2244000	118,677
DE808	1506000	1446000	83,5
DE809	1989000	1909000	102,762
DE80A	2426000	2329000	126,099
DE80B	1169000	1122000	80,924
DE80C	1353000	1298000	66,503
DE80D	1740000	1671000	109,448
DE80E	1870000	1795000	118,677
DE80F	1754000	1684000	108,138
DE80G	1610000	1545000	99,959
DE80H	1364000	1309000	69,716
DE80I	1292000	1241000	75,392
DE911	8728000	8379000	245,81
DE912	3712000	3563000	105,32
DE913	9234000	8864000	120,009
DE914	2742000	2632000	174,401
DE915	6882000	6607000	261,26
DE916	3361000	3227000	148,091
DE917	1787000	1715000	95,871
DE918	2988000	2868000	144,044
DE919	2392000	2296000	80,3
DE91A	2585000	2482000	133,56
DE91B	2001000	1921000	124,652
DE922	5036000	4834000	215,142
DE923	4169000	4003000	157,867
DE925	6381000	6126000	288,623
DE926	1730000	1661000	76,103
DE927	2780000	2668000	124,895
DE928	3136000	3010000	164,172
DE929	39245000	37674000	1130,039
DE931	4201000	4033000	181,115
DE932	3573000	3430000	202,933
DE933	4305000	4133000	243,888
DE934	1008000	968000	50,465
DE935	3804000	3652000	176,445
DE936	1852000	1778000	112,679
DE937	3937000	3779000	165,074
DE938	3694000	3546000	141,692
DE939	5335000	5121000	197,091
DE93A	2212000	2124000	95,983
DE93B	3342000	3208000	133,767
DE941	1610000	1545000	75,135
DE942	2133000	2048000	51,714
DE943	6047000	5805000	159,563
DE944	6649000	6383000	162,87
DE945	2805000	2693000	82,192
DE946	2636000	2531000	117,041
DE947	3500000	3359000	190,293
DE948	3860000	3706000	157,164
DE949	9179000	8811000	313,533
DE94A	1958000	1879000	100,779
DE94B	3225000	3096000	135,27
DE94C	3635000	3490000	165,088
DE94D	2386000	2290000	126,131
DE94E	8140000	7814000	358,852
DE94F	4259000	4088000	134,404
DE94G	2566000	2463000	92,622
DE94H	1107000	1062000	57,742
DEA11	42552000	40848000	581,122
DEA12	15321000	14708000	496,665
DEA13	22190000	21302000	582,14
DEA14	7933000	7615000	236,516
DEA15	6889000	6613000	260,018
DEA16	5833000	5599000	168,925
DEA17	4792000	4601000	217,108
DEA18	3469000	3330000	113,935
DEA19	4041000	3879000	162,575
DEA1A	10405000	9989000	356,42
DEA1B	8576000	8233000	308,928
DEA1C	15227000	14618000	502,045
DEA1D	15266000	14655000	444,515
DEA1E	7094000	6810000	303,331
DEA1F	9752000	9361000	474,045
DEA21	9139000	8773000	259,03
DEA22	13581000	13037000	316,416
DEA23	42856000	41140000	995,397
DEA24	6439000	6181000	161,345
DEA25	6676000	6409000	309,929
DEA26	6304000	6051000	270,725
DEA27	12835000	12322000	464,209
DEA28	4458000	4280000	192,973
DEA29	4660000	4473000	256,85
DEA2A	7905000	7588000	286,801
DEA2B	5759000	5529000	278,345
DEA2C	12623000	12118000	599,042
DEA31	2206000	2118000	118,597
DEA32	7263000	6972000	264,765
DEA33	12232000	11742000	272,951
DEA34	9962000	9563000	370,196
DEA35	4767000	4576000	221,381
DEA36	12991000	12471000	639,811
DEA37	10739000	10309000	445,019
DEA38	7012000	6732000	281,641
DEA41	10686000	10258000	324,912
DEA42	12167000	11680000	354,239
DEA43	6898000	6622000	252,949
DEA44	3196000	3068000	151,277
DEA45	8803000	8450000	357,582
DEA46	9240000	8870000	319,401
DEA47	8532000	8190000	298,838
DEA51	11736000	11266000	381,542
DEA52	19003000	18242000	586,909
DEA53	6221000	5972000	193,748
DEA54	4310000	4138000	183,065
DEA55	3356000	3222000	168,454
DEA56	8378000	8043000	338,466
DEA57	7588000	7284000	273,898
DEA58	12793000	12281000	441,704
DEA59	4453000	4275000	140,973
DEA5A	9558000	9175000	288,441
DEA5B	8170000	7843000	307,159
DEA5C	9499000	9119000	419,353
DEB11	5403000	5186000	106,087
DEB12	2485000	2386000	129,096
DEB13	2939000	2822000	134,912
DEB14	3738000	3588000	157,471
DEB15	1891000	1815000	86,469
DEB16	1421000	1364000	64,863
DEB17	4968000	4769000	212,944
DEB18	4513000	4332000	183,618
DEB19	2650000	2544000	104,263
DEB1A	2440000	2342000	126,258
DEB1B	5238000	5028000	201,938
DEB21	3937000	3779000	103,888
DEB22	2815000	2702000	113,043
DEB23	2194000	2107000	95,219
DEB24	1428000	1371000	62,813
DEB25	2336000	2243000	141,009
DEB31	1363000	1309000	47,09
DEB32	3570000	3427000	97,77
DEB33	1460000	1402000	43,063
DEB34	9482000	9103000	163,777
DEB35	8178000	7851000	198,118
DEB36	1259000	1209000	53,683
DEB37	1339000	1285000	41,875
DEB38	1846000	1772000	50,673
DEB39	2264000	2174000	82,29
DEB3A	1382000	1327000	34,719
DEB3B	2495000	2395000	125,697
DEB3C	2452000	2354000	134,341
DEB3D	1638000	1572000	77,877
DEB3E	3507000	3367000	125,822
DEB3F	1723000	1654000	107,875
DEB3G	1170000	1123000	74,876
DEB3H	2058000	1976000	109,957
DEB3I	2042000	1960000	149,202
DEB3J	4769000	4578000	201,451
DEB3K	1355000	1301000	101,596
DEC01	12206000	11717000	336,826
DEC02	2306000	2214000	106,001
DEC03	2883000	2768000	141,426
DEC04	6794000	6522000	207,723
DEC05	4725000	4535000	151,859
DEC06	1957000	1879000	92,763
DED11	6856000	6582000	244,951
DED12	1625000	1560000	67,613
DED13	2973000	2854000	95,841
DED14	1433000	1375000	81,438
DED15	3031000	2909000	131,431
DED16	3543000	3401000	141,622
DED17	3375000	3240000	186,059
DED18	1324000	1271000	86,667
DED19	2562000	2459000	127,96
DED1A	1519000	1458000	87,237
DED1B	2204000	2115000	127,229
DED1C	1880000	1804000	125,675
DED21	15289000	14676000	507,513
DED22	1176000	1129000	56,724
DED23	664000	638000	40,294
DED24	3027000	2906000	146,197
DED25	3139000	3013000	148,268
DED26	1844000	1770000	93,239
DED27	2500000	2400000	111,075
DED28	2346000	2252000	138,772
DED29	2248000	2158000	137,01
DED2A	2136000	2050000	120,645
DED2B	2892000	2776000	146,979
DED31	13721000	13172000	510,512
DED32	2526000	2425000	120,775
DED33	1573000	1510000	70,533
DED34	2740000	2630000	145,366
DED35	2412000	2316000	129,166
DED36	1811000	1738000	93,409
DEE01	2176000	2089000	89,934
DEE02	5447000	5229000	234,295
DEE03	6538000	6277000	230,14
DEE04	1969000	1890000	93,323
DEE05	4252000	4082000	184,877
DEE06	2046000	1964000	99,693
DEE07	4306000	4134000	185,457
DEE08	4108000	3944000	201,932
DEE09	4886000	4690000	241,017
DEE0A	2561000	2459000	158,223
DEE0B	5393000	5177000	203,989
DEE0C	4419000	4242000	219,222
DEE0D	2536000	2434000	127,464
DEE0E	2770000	2659000	142,906
DEF01	3132000	3007000	87,792
DEF02	8970000	8611000	236,902
DEF03	6233000	5983000	211,541
DEF04	2397000	2301000	77,595
DEF05	3024000	2902000	136,451
DEF06	3672000	3525000	187,094
DEF07	4602000	4417000	166,727
DEF08	4119000	3954000	205,688
DEF09	8542000	8200000	301,32
DEF0A	2174000	2087000	135,422
DEF0B	6054000	5812000	272,488
DEF0C	3782000	3630000	199,101
DEF0D	6487000	6227000	258,336
DEF0E	3554000	3411000	134,664
DEF0F	6768000	6497000	226,252
DEG01	6301000	6048000	202,929
DEG02	2336000	2243000	101,618
DEG03	3492000	3352000	102,752
DEG04	1012000	971000	41,015
DEG05	1427000	1369000	64,72
DEG06	2061000	1978000	107,924
DEG07	1862000	1787000	91,762
DEG09	2252000	2162000	111,643
DEG0A	1458000	1400000	85,362
DEG0B	2707000	2598000	134,262
DEG0C	3125000	3000000	141,405
DEG0D	1389000	1333000	75,257
DEG0E	1237000	1187000	69,425
DEG0F	2492000	2392000	114,445
DEG0G	1573000	1510000	86,568
DEG0H	1298000	1246000	62,384
DEG0I	2691000	2584000	121,542
DEG0J	1736000	1666000	88,935
DEG0K	1980000	1901000	90,91
DEG0L	1851000	1777000	112,682
DEG0M	1841000	1767000	103,313
DEG0N	998000	958000	43,308
DEG0P	2967000	2848000	135,058
DK011	41092000	29787000	656,582
DK012	28299000	20514000	504,481
DK013	15945000	11558000	441,849
DK014	1365000	989000	42,913
DK021	7732000	5605000	232,459
DK022	18443000	13369000	586,968
DK031	17205000	12472000	482,41
DK032	30386000	22027000	712,249
DK041	18144000	13153000	424,668
DK042	32088000	23261000	812,373
DK050	22784000	16516000	578,839
EE001	9599000	13595000	523,277
EE004	1326000	1879000	161,078
EE006	1016000	1439000	140,267
EE007	1312000	1858000	170,719
EE008	2853000	4041000	345,594
ES111	24409000	26474000	1120,058
ES112	6630000	7191000	347,343
ES113	5811000	6302000	328,804
ES114	19406000	21048000	938,873
ES120	23752000	25762000	1059,136
ES130	13898000	15074000	570,613
ES211	10829000	11746000	306,527
ES212	22156000	24031000	691,839
ES213	34999000	37960000	1140,373
ES220	18492000	20057000	606,234
ES230	8042000	8723000	311,773
ES241	5536000	6004000	220,388
ES242	3730000	4046000	144,904
ES243	24827000	26928000	932,289
ES300	193172000	209518000	6189,297
ES411	3450000	3742000	168,473
ES412	10185000	11047000	363,972
ES413	10600000	11497000	484,082
ES414	4097000	4444000	171,122
ES415	6881000	7463000	347,441
ES416	3802000	4124000	160,134
ES417	2098000	2275000	92,892
ES418	13284000	14408000	518,942
ES419	3769000	4088000	194,802
ES421	6853000	7433000	392,779
ES422	9400000	10196000	511,149
ES423	3857000	4184000	212,993
ES424	4567000	4953000	225,858
ES425	12203000	13236000	634,817
ES431	11353000	12313000	672,029
ES432	6835000	7413000	406,879
ES511	150530000	163268000	5342,884
ES512	19538000	21191000	709,15
ES513	11867000	12871000	420,021
ES514	20889000	22656000	765,996
ES521	36331000	39405000	1838,972
ES522	14110000	15304000	575,349
ES523	55460000	60153000	2478,154
ES531	3182000	3451000	126,491
ES532	21574000	23400000	829,468
ES533	2457000	2665000	89,049
ES611	14321000	15532000	661,795
ES612	22589000	24500000	1198,734
ES613	12923000	14017000	783,186
ES614	15552000	16868000	893,68
ES615	9838000	10670000	496,265
ES616	10146000	11004000	654,354
ES617	28525000	30938000	1528,851
ES618	35117000	38089000	1829,266
ES620	28182000	30567000	1411,623
ES630	1630000	1768000	71,989
ES640	1507000	1635000	69,699
ES703	181000	196000	10,151
ES704	2355000	2554000	93,509
ES705	17691000	19188000	825,334
ES706	394000	427000	22,487
ES707	1396000	1515000	86,177
ES708	3159000	3426000	134,918
ES709	17759000	19262000	868,892
FI131	3971000	3370000	157,862
FI132	7023000	5960000	248,872
FI133	4167000	3536000	166,744
FI134	2058000	1747000	83,779
FI181	65569000	55645000	1388,964
FI182	3594000	3050000	94,755
FI183	15496000	13151000	459,235
FI184	4988000	4233000	171,449
FI185	5579000	4735000	200,061
FI186	5411000	4592000	183,564
FI187	4107000	3486000	134,716
FI193	7897000	6702000	270,701
FI194	5177000	4394000	193,815
FI195	5942000	5043000	174,987
FI196	6864000	5825000	228,431
FI197	16143000	13700000	476,631
FI1A1	2115000	1794000	70,964
FI1A2	12050000	10226000	383,411
FI1A3	5341000	4532000	184,39
FI200	1156000	981000	27,153
FR101	189778000	166874000	2211,297
FR102	34262000	30127000	1303,702
FR103	46559000	40940000	1406,053
FR104	38426000	33788000	1205,85
FR105	124907000	109832000	1549,619
FR106	46871000	41214000	1506,466
FR107	43945000	38642000	1310,876
FR108	33582000	29530000	1165,397
FR211	6315000	5553000	284,197
FR212	7935000	6977000	301,327
FR213	18671000	16417000	566,01
FR214	4453000	3916000	186,47
FR221	11781000	10360000	538,79
FR222	19840000	17445000	799,725
FR223	13900000	12222000	568,086
FR231	13124000	11540000	577,087
FR232	37152000	32668000	1248,58
FR241	7728000	6796000	313,251
FR242	10086000	8869000	423,559
FR243	5274000	4638000	232,004
FR244	15959000	14033000	585,406
FR245	8010000	7044000	326,599
FR246	20154000	17722000	650,769
FR251	17621000	15494000	678,303
FR252	11706000	10293000	496,937
FR253	6659000	5855000	292,282
FR261	16272000	14309000	521,608
FR262	5020000	4414000	220,653
FR263	13685000	12033000	553,968
FR264	8360000	7351000	342,359
FR301	68406000	60151000	2564,959
FR302	31005000	27263000	1459,531
FR411	18531000	16295000	729,768
FR412	4134000	3635000	194,218
FR413	25785000	22673000	1042,23
FR414	8942000	7863000	380,145
FR421	32778000	28822000	1091,015
FR422	19402000	17060000	746,072
FR431	14057000	12361000	522,685
FR432	6194000	5446000	260,74
FR433	4949000	4352000	238,548
FR434	3829000	3367000	141,958
FR511	38509000	33862000	1255,871
FR512	19268000	16943000	774,823
FR513	8102000	7124000	302,983
FR514	14356000	12623000	559,587
FR515	16236000	14276000	616,906
FR521	13439000	11817000	581,57
FR522	23640000	20787000	890,509
FR523	29148000	25630000	967,588
FR524	17430000	15327000	710,034
FR531	9088000	7991000	351,581
FR532	14257000	12536000	611,714
FR533	9874000	8682000	365,059
FR534	10674000	9386000	424,354
FR611	8605000	7567000	409,388
FR612	43433000	38191000	1421,276
FR613	9206000	8095000	373,142
FR614	7404000	6511000	326,399
FR615	18467000	16238000	647,42
FR621	3153000	2772000	150,201
FR622	6654000	5851000	275,889
FR623	41026000	36074000	1217,344
FR624	3881000	3413000	185,266
FR625	3973000	3493000	172,796
FR626	5799000	5099000	229,079
FR627	8106000	7128000	371,738
FR628	5121000	4503000	235,915
FR631	6104000	5367000	242,896
FR632	2491000	2190000	123,907
FR633	9387000	8254000	373,94
FR711	14543000	12788000	581,355
FR712	6412000	5638000	311,452
FR713	13372000	11758000	478,069
FR714	34650000	30468000	1188,66
FR715	18599000	16355000	742,076
FR716	65405000	57512000	1690,498
FR717	13452000	11828000	408,842
FR718	20891000	18369000	716,277
FR721	7994000	7029000	342,807
FR722	3174000	2791000	148,737
FR723	4750000	4176000	221,834
FR724	18014000	15840000	628,485
FR811	7790000	6850000	349,237
FR812	15715000	13819000	694,323
FR813	26490000	23293000	1019,798
FR814	1785000	1570000	76,973
FR815	10050000	8837000	441,387
FR821	3659000	3217000	157,965
FR822	3729000	3279000	134,205
FR823	33370000	29342000	1084,428
FR824	60126000	52870000	1966,005
FR825	25204000	22163000	1001,408
FR826	14176000	12465000	538,902
FR831	3626000	3189000	140,953
FR832	3613000	3177000	162,013
FR910	8747000	7691000	401,784
FR920	8609000	7570000	397,693
FR930	3145000	2765000	219,266
FR940	14544000	12789000	808,25
GR111	2370000	2638000	148,731
GR112	1583000	1762000	106,61
GR113	1514000	1686000	111,2
GR114	1442000	1605000	100,238
GR115	2145000	2388000	139,905
GR121	2401000	2672000	144,185
GR122	23139000	25757000	1144,052
GR123	1549000	1724000	86,086
GR124	2302000	2563000	145,075
GR125	1915000	2132000	128,182
GR126	2349000	2614000	187,831
GR127	1803000	2008000	100,249
GR131	519000	578000	31,345
GR132	1147000	1276000	53,65
GR133	3008000	3349000	154,317
GR134	890000	991000	54,207
GR141	1587000	1767000	115,824
GR142	5221000	5812000	285,845
GR143	4047000	4505000	203,914
GR144	2050000	2282000	130,496
GR211	901000	1003000	70,851
GR212	722000	804000	42,625
GR213	3263000	3633000	181,026
GR214	940000	1046000	57,284
GR221	1031000	1148000	40,293
GR222	2458000	2737000	128,117
GR223	743000	827000	37,935
GR224	414000	461000	22,227
GR231	3214000	3578000	217,697
GR232	6668000	7422000	341,784
GR233	2240000	2493000	179,474
GR241	3929000	4373000	125,309
GR242	4185000	4658000	206,382
GR243	266000	296000	19,492
GR244	3476000	3869000	166,298
GR245	674000	751000	37,588
GR251	1946000	2166000	102,499
GR252	1981000	2206000	88,099
GR253	3279000	3650000	145,968
GR254	1339000	1491000	92,741
GR255	2684000	2988000	164,071
GR300	103334000	115026000	4061,326
GR411	1832000	2039000	105,957
GR412	746000	831000	42,603
GR413	1000000	1114000	51,957
GR421	4794000	5336000	195,098
GR422	3022000	3364000	110,868
GR431	6692000	7449000	299,689
GR432	1657000	1844000	75,411
GR433	1541000	1715000	80,766
GR434	2965000	3300000	150,408
HR011	14621000	21569000	787,024
HR012	2627000	3875000	326,062
HR013	1011000	1491000	137,406
HR014	1700000	2508000	181,117
HR015	1168000	1724000	120,399
HR016	1057000	1559000	117,991
HR021	1037000	1530000	126,155
HR022	661000	975000	88,657
HR023	557000	822000	82,846
HR024	1073000	1584000	173,919
HR025	2844000	4196000	321,474
HR026	1318000	1944000	198,624
HR027	1127000	1663000	134,007
HR028	1470000	2168000	175,162
HR031	3864000	5700000	304,846
HR032	492000	726000	50,9
HR033	1580000	2331000	174,011
HR034	932000	1375000	114,422
HR035	4058000	5986000	481,521
HR036	2826000	4168000	213,493
HR037	1344000	1982000	126,365
HU101	40114000	61145000	1702,297
HU102	11094000	16910000	1195,02
HU211	4234000	6453000	428,572
HU212	3495000	5328000	314,649
HU213	2799000	4266000	361,62
HU221	5329000	8124000	444,384
HU222	2417000	3684000	261,877
HU223	2547000	3882000	291,678
HU231	2999000	4571000	396,633
HU232	2141000	3263000	325,024
HU233	1803000	2748000	238,431
HU311	4713000	7183000	709,634
HU312	2315000	3529000	316,874
HU313	1007000	1534000	210,182
HU321	4075000	6212000	543,802
HU322	2734000	4167000	399,2
HU323	3127000	4767000	571,018
HU331	3780000	5761000	533,71
HU332	2309000	3519000	376,657
HU333	3342000	5094000	424,139
IE011	14178000	11646000	489,964
IE012	7133000	5859000	265,44
IE013	12487000	10256000	423,876
IE021	71965000	59111000	1212,348
IE022	16180000	13290000	512,171
IE023	12589000	10340000	370,235
IE024	14882000	12224000	485,614
IE025	30575000	25114000	641,687
IS001	6448000	6103000	197,945
IS002	3828000	3623000	117,514
ITC11	66114000	65502000	2277,686
ITC12	5268000	5219000	177,367
ITC13	5317000	5267000	187,491
ITC14	3963000	3927000	162,333
ITC15	10400000	10304000	361,904
ITC16	18023000	17856000	580,513
ITC17	5649000	5597000	218,081
ITC18	12280000	12167000	435,891
ITC20	3883000	3847000	125,979
ITC31	5741000	5688000	219,383
ITC32	7953000	7879000	285,066
ITC33	24762000	24532000	883,778
ITC34	5675000	5623000	221,595
ITC41	26663000	26416000	863,099
ITC42	16902000	16746000	578,175
ITC43	10161000	10067000	331,607
ITC44	5591000	5540000	181,338
ITC45	148756000	147378000	3906,726
ITC46	35103000	34778000	1059,593
ITC47	40117000	39745000	1211,617
ITC48	14820000	14683000	530,969
ITC49	6071000	6014000	219,67
ITC4A	10514000	10417000	355,947
ITC4B	13524000	13399000	403,665
ITD10	17155000	16996000	493,91
ITD20	16007000	15859000	513,357
ITD31	27935000	27676000	896,316
ITD32	27121000	26870000	852,242
ITD33	6697000	6635000	213,612
ITD34	26244000	26001000	869,534
ITD35	26236000	25993000	844,606
ITD36	28258000	27996000	909,775
ITD37	6894000	6830000	246,255
ITD41	9122000	9037000	307,664
ITD42	15803000	15657000	535,992
ITD43	3754000	3720000	141,948
ITD44	7498000	7429000	236,457
ITD51	8574000	8495000	281,616
ITD52	13723000	13596000	425,702
ITD53	16108000	15959000	510,124
ITD54	23725000	23505000	677,672
ITD55	33573000	33262000	964,074
ITD56	9879000	9787000	355,809
ITD57	11443000	11337000	379,468
ITD58	12360000	12245000	383,043
ITD59	9291000	9205000	298,294
ITE11	4710000	4666000	202,435
ITE12	11363000	11258000	387,058
ITE13	7634000	7563000	287,415
ITE14	31187000	30898000	977,088
ITE15	6949000	6885000	245,742
ITE16	9136000	9052000	339,34
ITE17	11868000	11758000	405,883
ITE18	9417000	9330000	342,367
ITE19	7827000	7755000	266,291
ITE1A	5973000	5917000	223,429
ITE21	16372000	16220000	653,802
ITE22	5481000	5430000	230,648
ITE31	10136000	10043000	376,321
ITE32	14073000	13943000	470,716
ITE33	8249000	8173000	319,65
ITE34	9221000	9136000	386,376
ITE41	7370000	7302000	310,65
ITE42	3646000	3612000	156,796
ITE43	137890000	136613000	4061,543
ITE44	13332000	13208000	537,213
ITE45	11878000	11768000	494,815
ITF11	6535000	6475000	307,643
ITF12	6647000	6586000	306,067
ITF13	6848000	6785000	315,825
ITF14	8694000	8613000	394,452
ITF21	1751000	1735000	89,127
ITF22	4757000	4713000	231,711
ITF31	14103000	13973000	897,82
ITF32	4896000	4850000	288,832
ITF33	49729000	49268000	3083,06
ITF34	7802000	7730000	439,049
ITF35	19790000	19607000	1102,629
ITF41	10588000	10490000	682,456
ITF42	28588000	28323000	1599,378
ITF43	10203000	10108000	580,497
ITF44	6568000	6507000	402,985
ITF45	13598000	13472000	811,23
ITF51	7566000	7496000	387,195
ITF52	3842000	3806000	203,806
ITF61	12552000	12436000	732,072
ITF62	2476000	2453000	172,849
ITF63	6739000	6676000	367,655
ITF64	2539000	2516000	167,757
ITF65	8958000	8875000	567,374
ITG11	6886000	6823000	435,974
ITG12	21754000	21553000	1243,385
ITG13	11369000	11264000	654,032
ITG14	6642000	6581000	455,55
ITG15	4553000	4511000	272,57
ITG16	2670000	2645000	173,723
ITG17	17946000	17780000	1081,915
ITG18	5557000	5505000	311,77
ITG19	7160000	7093000	400,764
ITG25	6332000	6273000	334,656
ITG26	3142000	3112000	161,684
ITG27	12630000	12513000	557,679
ITG28	2995000	2968000	167,941
ITG29	3582000	3548000	151,346
ITG2A	1010000	1001000	58,019
ITG2B	1508000	1494000	103,436
ITG2C	1984000	1966000	130,856
LI000	3454000	2759000	35,356
LT001	1108000	1762000	177,04
LT002	6247000	9936000	673,706
LT003	3676000	5846000	378,843
LT004	1050000	1670000	181,219
LT005	1943000	3091000	284,235
LT006	2375000	3777000	349,876
LT007	572000	909000	127,378
LT008	1346000	2141000	173,383
LT009	1324000	2105000	172,58
LT00A	12645000	20111000	848,097
LU000	39640000	34176000	483,799
LV003	2407000	3345000	303,618
LV005	1937000	2692000	348,271
LV006	12476000	17337000	717,371
LV007	2932000	4075000	380,347
LV008	1520000	2112000	237,803
LV009	1765000	2452000	283,484
MK001	490000	1280000	153,929
MK002	509000	1329000	180,422
MK003	544000	1421000	222,221
MK004	471000	1230000	172,238
MK005	798000	2083000	235,141
MK006	484000	1264000	312,106
MK007	346000	902000	174,139
MK008	3049000	7960000	594,981
MT001	5474000	7578000	379
MT002	324000	448000	31,29
NL111	3167000	2922000	153,063
NL112	1810000	1670000	50,147
NL113	25902000	23902000	370,249
NL121	10476000	9667000	330,764
NL122	2694000	2486000	105,564
NL123	5974000	5513000	206,861
NL131	5020000	4633000	187,899
NL132	4776000	4407000	171,345
NL133	3892000	3591000	128,891
NL211	12182000	11241000	349,296
NL212	4317000	3983000	151,706
NL213	18785000	17334000	618,992
NL221	21198000	19561000	648,368
NL224	7200000	6644000	401,766
NL225	10999000	10149000	699,966
NL226	21246000	19605000	233,769
NL230	10574000	9757000	378,688
NL310	51341000	47375000	1201,35
NL321	9503000	8769000	366,561
NL322	6782000	6258000	228,864
NL323	6415000	5920000	190,194
NL324	5909000	5453000	217,327
NL325	4465000	4120000	158,764
NL326	67781000	62545000	1222,305
NL327	8091000	7466000	242,148
NL331	12260000	11313000	386,818
NL332	30485000	28130000	784,405
NL333	8790000	8111000	212,918
NL334	9628000	8884000	325,539
NL335	54731000	50503000	1351,579
NL336	13574000	12525000	400,176
NL341	4575000	4221000	107,337
NL342	8146000	7517000	273,248
NL411	23837000	21996000	609,544
NL412	14111000	13021000	454,213
NL413	22564000	20821000	631,183
NL414	27159000	25061000	729,887
NL421	8874000	8189000	278,818
NL422	7196000	6640000	234,019
NL423	19795000	18266000	610,868
NO011	51895000	38253000	560,484
NO012	22498000	16584000	518,567
NO021	6698000	4937000	189,289
NO022	6641000	4895000	183,637
NO031	9705000	7154000	265,458
NO032	10321000	7608000	251,22
NO033	8481000	6252000	226,433
NO034	6903000	5088000	166,731
NO041	3838000	2829000	106,13
NO042	7642000	5633000	165,944
NO043	22176000	16347000	412,687
NO051	23480000	17308000	462,674
NO052	4390000	3236000	106,259
NO053	11395000	8400000	246,772
NO061	12847000	9470000	282,993
NO062	4236000	3122000	129,856
NO071	9047000	6669000	234,996
NO072	5739000	4230000	154,642
NO073	2647000	1951000	72,399
PL113	8854000	13098000	753,192
PL114	3060000	4527000	376,075
PL115	4963000	7342000	598,945
PL116	3123000	4620000	454,127
PL117	2623000	3881000	373,559
PL121	6284000	9295000	625,092
PL122	5263000	7786000	748,689
PL127	48075000	71117000	1706,624
PL128	4254000	6292000	622,599
PL129	5831000	8626000	749,044
PL12A	8350000	12352000	736,44
PL213	11177000	16535000	756,583
PL214	4286000	6340000	668,479
PL215	4322000	6393000	761,996
PL216	4490000	6643000	632,336
PL217	2714000	4015000	459,642
PL224	4288000	6344000	532,626
PL225	6083000	8999000	649,695
PL227	5908000	8739000	637,006
PL228	3467000	5129000	457,978
PL229	5170000	7648000	500,945
PL22A	10545000	15599000	771,521
PL22B	7107000	10514000	721,377
PL22C	5252000	7769000	382,967
PL311	1721000	2546000	308,517
PL312	3690000	5459000	650,952
PL314	6005000	8883000	714,276
PL315	2887000	4270000	492,468
PL323	2823000	4176000	480,895
PL324	2175000	3218000	395,349
PL325	4515000	6679000	607,187
PL326	4281000	6333000	613,907
PL331	6362000	9412000	777,918
PL332	3343000	4945000	497,632
PL343	4155000	6146000	503,69
PL344	2385000	3528000	412,182
PL345	1753000	2593000	276,788
PL411	3023000	4471000	407,192
PL414	4667000	6904000	650,368
PL415	10680000	15799000	560,932
PL416	4936000	7302000	666,968
PL417	4324000	6397000	541,323
PL418	6102000	9026000	560,099
PL422	4588000	6787000	591,964
PL423	2287000	3383000	375,124
PL424	5000000	7396000	407,811
PL425	2753000	4073000	317,372
PL431	3161000	4676000	381,834
PL432	5084000	7521000	626,647
PL514	9262000	13702000	632,93
PL515	4339000	6419000	579,646
PL516	6428000	9510000	448,586
PL517	4993000	7387000	680,111
PL518	4456000	6592000	537,137
PL521	2496000	3692000	409,735
PL522	5865000	8676000	627,353
PL613	8094000	11973000	759,19
PL614	3466000	5127000	529,476
PL615	5459000	8075000	777,47
PL621	3534000	5228000	529,864
PL622	4825000	7138000	612,524
PL623	1719000	2543000	283,767
PL631	3551000	5253000	478,345
PL633	9582000	14175000	745,113
PL634	3290000	4868000	498,36
PL635	3603000	5330000	489,102
PT111	2604000	3132000	251,676
PT112	5087000	6118000	411,327
PT113	6157000	7406000	524,057
PT114	21796000	26216000	1281,424
PT115	4902000	5896000	560,672
PT116	3692000	4441000	287,665
PT117	2032000	2443000	212,17
PT118	2159000	2597000	216,245
PT150	7635000	9184000	426,386
PT161	5962000	7171000	399,607
PT162	5099000	6134000	332,355
PT163	4386000	5275000	267,223
PT164	1360000	1636000	137,636
PT165	3483000	4189000	291,516
PT166	413000	497000	41,074
PT167	390000	469000	47,904
PT168	1175000	1413000	110,151
PT169	1016000	1222000	73,923
PT16A	981000	1180000	91,35
PT16B	4685000	5636000	361,868
PT16C	3008000	3618000	231,304
PT171	54247000	65247000	2025,628
PT172	9370000	11270000	782,786
PT181	1945000	2339000	96,169
PT182	1545000	1859000	118,066
PT183	2326000	2798000	169,863
PT184	1970000	2369000	127,581
PT185	3606000	4338000	249,254
PT200	3704000	4455000	244,006
PT300	5289000	6361000	246,689
RO111	3734000	6715000	593,897
RO112	1551000	2789000	316,869
RO113	5421000	9748000	692,021
RO114	2177000	3915000	512,56
RO115	1649000	2965000	365,975
RO116	1198000	2154000	242,854
RO121	2392000	4301000	374,727
RO122	4565000	8208000	596,467
RO123	1084000	1949000	223,208
RO124	1628000	2928000	325,682
RO125	2945000	5296000	581,4
RO126	3050000	5484000	423,144
RO211	3277000	5893000	719,655
RO212	1477000	2656000	453,958
RO213	4089000	7353000	818,929
RO214	2045000	3678000	566,74
RO215	2667000	4796000	707,251
RO216	1360000	2445000	456,02
RO221	1874000	3369000	363,979
RO222	2088000	3754000	486,445
RO223	5643000	10147000	719,727
RO224	2953000	5310000	613,509
RO225	1138000	2046000	249,779
RO226	1508000	2711000	392,317
RO311	4795000	8622000	644,487
RO312	1246000	2241000	314,081
RO313	2452000	4408000	531,441
RO314	995000	1790000	282,638
RO315	1274000	2291000	289,501
RO316	5470000	9835000	819,6
RO317	1611000	2897000	410,288
RO321	31820000	57214000	1943,981
RO322	3590000	6455000	298,021
RO411	3687000	6629000	710,669
RO412	2624000	4718000	380,061
RO413	1266000	2276000	296,609
RO414	1837000	3302000	473,128
RO415	1992000	3581000	410,309
RO421	3046000	5476000	457,318
RO422	1661000	2986000	326,067
RO423	2830000	5089000	470,103
RO424	6054000	10886000	673,212
SE110	97005000	82668000	1949,516
SE121	10274000	8756000	323,27
SE122	7964000	6787000	265,19
SE123	12680000	10806000	420,809
SE124	8824000	7520000	276,067
SE125	7838000	6680000	249,193
SE211	11127000	9483000	333,61
SE212	6311000	5379000	180,787
SE213	7301000	6222000	233,834
SE214	1575000	1342000	57,122
SE221	4623000	3940000	151,9
SE224	38169000	32528000	1199,357
SE231	9301000	7926000	291,393
SE232	54491000	46437000	1547,298
SE311	8145000	6941000	273,826
SE312	9160000	7806000	275,618
SE313	8422000	7177000	275,556
SE321	8231000	7014000	243,449
SE322	4142000	3530000	126,937
SE331	8167000	6960000	257,593
SE332	9505000	8100000	250,602
SI011	1442000	1783000	120,023
SI012	5050000	6246000	322,266
SI013	1028000	1271000	72,427
SI014	4273000	5285000	256,339
SI015	540000	668000	44,716
SI016	1062000	1314000	69,321
SI017	2406000	2975000	139,166
SI018	708000	875000	51,107
SI021	13479000	16669000	510,763
SI022	3113000	3850000	199,923
SI023	2098000	2595000	117,914
SI024	2105000	2604000	106,304
SK010	16899000	25657000	610,85
SK021	7654000	11620000	557,151
SK022	6502000	9871000	599,831
SK023	7153000	10860000	706,758
SK031	7238000	10989000	695,698
SK032	5889000	8941000	654,668
SK041	5630000	8548000	801,939
SK042	7608000	11551000	774,103
TR100	137864000	229459000	12573,836
TR211	5748000	9567000	728,396
TR212	3570000	5942000	396,462
TR213	4234000	7047000	333,256
TR221	7167000	11929000	1118,313
TR222	3600000	5992000	476,128
TR310	32591000	54244000	3739,353
TR321	5647000	9399000	946,971
TR322	5326000	8865000	907,325
TR323	6997000	11646000	766,156
TR331	9695000	16136000	1319,92
TR332	3215000	5351000	701,572
TR333	3698000	6155000	583,91
TR334	1463000	2435000	334,115
TR411	23231000	38665000	2439,876
TR412	7679000	12781000	724,849
TR413	2154000	3585000	203,777
TR421	20644000	34360000	1437,926
TR422	4310000	7174000	835,222
TR423	996000	1658000	323,328
TR424	3107000	5171000	270,417
TR425	1617000	2691000	181,758
TR510	42466000	70680000	4466,756
TR521	10371000	17261000	1959,082
TR522	1456000	2423000	226,049
TR611	14456000	24060000	1789,295
TR612	2898000	4823000	419,845
TR613	1867000	3107000	251,181
TR621	10371000	17261000	2006,65
TR622	9534000	15868000	1595,938
TR631	6453000	10740000	1386,224
TR632	4710000	7839000	1004,414
TR633	1605000	2671000	452,88
TR711	2558000	4258000	280,234
TR712	952000	1585000	366,109
TR713	1525000	2538000	331,677
TR714	1603000	2668000	280,058
TR715	914000	1521000	223,17
TR721	6326000	10529000	1165,088
TR722	3444000	5732000	638,464
TR723	1935000	3221000	492,127
TR811	5114000	8512000	615,89
TR812	991000	1649000	218,463
TR813	548000	912000	182,131
TR821	1871000	3114000	360,366
TR822	880000	1465000	174,012
TR823	918000	1528000	198,412
TR831	6097000	10148000	1228,959
TR832	3431000	5711000	620,722
TR833	2974000	4950000	549,828
TR834	1583000	2635000	328,674
TR901	4320000	7190000	740,569
TR902	2731000	4545000	715,409
TR903	2356000	3921000	417,505
TR904	2023000	3367000	316,252
TR905	1172000	1951000	168,092
TR906	584000	972000	130,825
TRA11	3017000	5021000	784,941
TRA12	1097000	1826000	213,538
TRA13	292000	486000	76,609
TRA21	1095000	1823000	530,879
TRA22	1034000	1721000	312,205
TRA23	531000	884000	181,866
TRA24	405000	674000	112,721
TRB11	3196000	5319000	722,065
TRB12	2550000	4244000	541,258
TRB13	525000	874000	251,552
TRB14	378000	629000	84,022
TRB21	2609000	4342000	979,671
TRB22	900000	1498000	405,509
TRB23	861000	1433000	327,886
TRB24	684000	1138000	246,469
TRC11	5733000	9542000	1560,023
TRC12	1579000	2628000	582,762
TRC13	559000	930000	118,457
TRC21	3787000	6303000	1523,099
TRC22	4639000	7721000	1460,714
TRC31	2179000	3627000	745,778
TRC32	1745000	2904000	472,487
TRC33	714000	1188000	416,001
TRC34	907000	1510000	291,528
UKC11	6242000	6065000	279,87
UKC12	5926000	5758000	277,87
UKC13	2810000	2731000	99,823
UKC14	9322000	9057000	503,451
UKC21	5647000	5486000	310,59
UKC22	22152000	21524000	812,963
UKC23	6903000	6707000	280,975
UKD11	4979000	4838000	235,213
UKD12	6509000	6325000	261,116
UKD21	10774000	10468000	314,088
UKD22	21552000	20940000	687,82
UKD31	46512000	45192000	1400,85
UKD32	21687000	21072000	1171,87
UKD41	3160000	3070000	139,491
UKD42	2315000	2249000	141,183
UKD43	28311000	27508000	1165,72
UKD51	6333000	6154000	326,394
UKD52	12523000	12167000	441,852
UKD53	4469000	4342000	274,616
UKD54	5075000	4931000	308,683
UKE11	6191000	6016000	260,296
UKE12	6452000	6269000	334,979
UKE13	8137000	7907000	317,289
UKE21	5772000	5608000	193,703
UKE22	15229000	14797000	591,344
UKE31	14952000	14528000	766,294
UKE32	14054000	13655000	537,471
UKE41	11093000	10779000	498,811
UKE42	26039000	25300000	775,717
UKE43	20877000	20284000	923,706
UKF11	7739000	7519000	242,458
UKF12	5411000	5258000	272,774
UKF13	10294000	10002000	483,472
UKF14	11040000	10727000	294,447
UKF15	9982000	9699000	438,246
UKF16	6680000	6491000	333,07
UKF21	8709000	8462000	302,32
UKF22	19281000	18734000	676,963
UKF23	20390000	19811000	675,861
UKF30	14695000	14278000	693,594
UKG11	4179000	4061000	178,612
UKG12	12700000	12339000	554,356
UKG13	16223000	15763000	531,226
UKG21	4645000	4513000	161,51
UKG22	6191000	6015000	289,692
UKG23	5135000	4989000	238,732
UKG24	18171000	17656000	825,604
UKG31	28969000	28147000	1015,466
UKG32	6803000	6610000	203,572
UKG33	8449000	8209000	308,484
UKG34	12552000	12195000	593,743
UKG35	10942000	10632000	492,397
UKH11	5932000	5764000	169,04
UKH12	20214000	19640000	596,622
UKH13	18941000	18403000	842,678
UKH14	18117000	17603000	707,726
UKH21	6133000	5959000	188,832
UKH22	9791000	9514000	406,862
UKH23	38409000	37319000	1076,918
UKH31	3622000	3520000	161,962
UKH32	3451000	3353000	153,698
UKH33	34845000	33857000	1378,697
UKI11	174012000	169074000	1104,338
UKI12	92970000	90332000	1912,396
UKI21	32055000	31146000	1619,558
UKI22	29709000	28866000	1199,852
UKI23	58699000	57033000	1799,142
UKJ11	39496000	38375000	835,369
UKJ12	10137000	9850000	230,956
UKJ13	15572000	15131000	490,016
UKJ14	21764000	21146000	633,912
UKJ21	7227000	7022000	252,022
UKJ22	9530000	9259000	510,263
UKJ23	41443000	40267000	1095,872
UKJ24	21490000	20880000	785,842
UKJ31	6401000	6219000	198,01
UKJ32	6853000	6659000	232,482
UKJ33	39361000	38244000	1278,894
UKJ34	2446000	2377000	139,8
UKJ41	4651000	4519000	252,756
UKJ42	34800000	33813000	1395,814
UKK11	16600000	16129000	423,434
UKK12	20282000	19706000	641,912
UKK13	16804000	16327000	585,362
UKK14	8531000	8289000	194,256
UKK15	11648000	11318000	452,152
UKK21	9345000	9080000	304,614
UKK22	8600000	8356000	405,546
UKK23	12548000	12192000	522,935
UKK30	10260000	9969000	530,035
UKK41	6020000	5849000	254,984
UKK42	2397000	2329000	134,014
UKK43	17087000	16602000	745,198
UKL11	1121000	1089000	68,781
UKL12	2327000	2261000	118,588
UKL13	3675000	3571000	207,739
UKL14	6519000	6334000	373,994
UKL15	4936000	4796000	289,974
UKL16	5488000	5333000	331,457
UKL17	5695000	5533000	270,978
UKL18	5191000	5044000	229,468
UKL21	6381000	6200000	227,044
UKL22	14916000	14493000	451,874
UKL23	6940000	6743000	281,894
UKL24	2329000	2263000	131,322
UKM21	6391000	6209000	252,402
UKM22	8373000	8136000	411,379
UKM23	3555000	3454000	175,308
UKM24	2128000	2068000	111,932
UKM25	23385000	22721000	469,852
UKM26	4280000	4158000	151,135
UKM27	6157000	5982000	231,43
UKM28	4918000	4778000	168,637
UKM31	4053000	3938000	222,342
UKM32	3113000	3025000	148,441
UKM33	4311000	4189000	248,909
UKM34	24984000	24275000	583,092
UKM35	7728000	7508000	339,868
UKM36	7695000	7477000	325,1
UKM37	2824000	2744000	111,676
UKM38	6843000	6649000	309,796
UKM50	18226000	17709000	450,139
UKM61	1813000	1762000	90,818
UKM62	4573000	4444000	183,266
UKM63	2058000	1999000	102,702
UKM64	523000	508000	26,242
UKM65	465000	451000	19,868
UKM66	636000	618000	21,964
UKN01	12641000	12282000	267,976
UKN02	7139000	6937000	381,088
UKN03	9075000	8818000	430,134
UKN04	4968000	4827000	286,294
UKN05	7672000	7454000	401,808
