ID	name	GDP2011	pop2011	GDP_per_inh	GDP_indicEU28
AT11	Burgenland (At)	6830,00	284897,00	23973,5764153361	95,5122566348
AT12	Niederösterreich	47327,00	1611981,00	29359,527190457	116,9702278504
AT13	Wien	77942,00	1714142,00	45469,9785665365	181,1552930938
AT21	Kärnten	16936,00	558271,00	30336,5211519137	120,8626340714
AT22	Steiermark	37413,00	1210614,00	30904,1527687603	123,1241146166
AT31	Oberösterreich	50677,00	1412640,00	35873,9664741194	142,9241692196
AT32	Salzburg	21856,00	531721,00	41104,2633260676	163,7620052831
AT33	Tirol	26095,00	710048,00	36751,0365496417	146,4184723093
AT34	Vorarlberg	14051,00	369938,00	37982,0402337689	151,3228694572
BE10	Région De Bruxelles-Capitale / Brussels Hoofdstedelijk Gewest	69895,00	1136778,00	61485,1800439488	244,9608766691
BE21	Prov. Antwerpen	68816,00	1773267,00	38807,4666702758	154,6114209971
BE22	Prov. Limburg (Be)	23512,00	846851,00	27764,0340508543	110,6136814775
BE23	Prov. Oost-Vlaanderen	44280,00	1448928,00	30560,5247465713	121,7550786716
BE24	Prov. Vlaams-Brabant	38684,00	1088692,00	35532,5473136571	141,5639335205
BE25	Prov. West-Vlaanderen	37062,00	1168002,00	31731,1100494691	126,4187651373
BE31	Prov. Brabant Wallon	12743,00	383648,00	33215,3432312954	132,3320447462
BE32	Prov. Hainaut	29190,00	1319745,00	22117,9091415387	88,1191599264
BE33	Prov. Liège	27232,00	1082136,00	25165,0439501135	100,2591392435
BE34	Prov. Luxembourg (Be)	6148,00	273205,00	22503,2484764188	89,6543764001
BE35	Prov. Namur	11453,00	479386,00	23890,9772083457	95,1831761289
BG311	Vidin	256,00	101200,00	2529,6442687747	10,078264019
BG312	Montana	418,00	148263,00	2819,3143265683	11,2323279943
BG313	Vratsa	795,00	187099,00	4249,0873815467	16,9286349862
BG314	Pleven	797,00	270115,00	2950,5951168947	11,7553590315
BG315	Lovech	466,00	141553,00	3292,0531532359	13,1157496145
BG321	Veliko Tarnovo	861,00	258838,00	3326,4049328151	13,2526092941
BG322	Gabrovo	511,00	122842,00	4159,8150469709	16,5729683146
BG323	Ruse	912,00	235477,00	3872,9897187411	15,4302379233
BG324	Razgrad	401,00	125369,00	3198,5578572055	12,7432583952
BG325	Silistra	313,00	119594,00	2617,1881532518	10,4270444353
BG331	Varna	2492,00	474776,00	5248,7910088126	20,9115179634
BG332	Dobrich	650,00	189862,00	3423,5392021574	13,639598415
BG333	Shumen	566,00	180710,00	3132,090089093	12,4784465701
BG334	Targovishte	380,00	120980,00	3141,0150438089	12,5140041586
BG341	Burgas	1971,00	415909,00	4739,0174292934	18,8805475271
BG342	Sliven	521,00	197640,00	2636,1060514066	10,5024145474
BG343	Yambol	404,00	131552,00	3071,0289467283	12,2351750866
BG344	Stara Zagora	1710,00	333496,00	5127,4977810828	20,4282780123
BG411	Sofia (Stolitsa)	15389,00	1291795,00	11912,8809137673	47,4616769473
BG412	Sofia	1430,00	247625,00	5774,8611812216	23,0074150646
BG413	Blagoevgrad	1103,00	323728,00	3407,1813374191	13,5744276391
BG414	Pernik	413,00	133696,00	3089,0976543801	12,3071619696
BG415	Kyustendil	388,00	136887,00	2834,4546962093	11,2926481921
BG421	Plovdiv	2901,00	683298,00	4245,585381488	16,9146827948
BG422	Haskovo	708,00	246534,00	2871,814840955	11,4414933903
BG423	Pazardzhik	936,00	275768,00	3394,157407676	13,5225394728
BG424	Smolyan	413,00	121887,00	3388,3843231846	13,4995391362
BG425	Kardzhali	400,00	152938,00	2615,4389360394	10,4200754424
CH01	Région lémanique	86645,48	1483680,00	58399,037473714	232,6654879431
CH02	Espace Mittelland	91994,36	1755696,00	52397,66095725	208,7556213436
CH03	Nordwestschweiz	73402,75	1070820,00	68548,1673427841	273,1002682979
CH04	Zürich	102225,50	1373068,00	74450,4266234447	296,6152455117
CH05	Ostschweiz	60774,80	1103641,00	55067,5401983072	219,3925904315
CH06	Zentralschweiz	43709,06	749476,00	58319,489403263	232,3485633596
CH07	Ticino	15937,25	333753,00	47751,638544073	190,2455718887
CY000	Kýpros	17979,00	839751,00	21409,9179399608	85,2984778484
CZ010	Hlavní Mesto Praha	38672,00	1234037,00	31337,7961924967	124,8517776594
CZ020	Stredoceský Kraj	16867,00	1264986,00	13333,7444050764	53,1224876696
CZ031	Jihoceský Kraj	7928,00	635771,00	12469,8987528528	49,6808715253
CZ032	Plzenský Kraj	7588,00	571256,00	13283,0114694638	52,9203644202
CZ041	Karlovarský Kraj	3210,00	303804,00	10566,0228305091	42,0957084881
CZ042	Ústecký Kraj	9767,00	828448,00	11789,5148518676	46,9701786927
CZ051	Liberecký Kraj	4984,00	437920,00	11381,074168798	45,3429249753
CZ052	Královéhradecký Kraj	7104,00	554555,00	12810,2712986088	51,0369374447
CZ053	Pardubický Kraj	6251,00	516260,00	12108,2400340913	48,2400001358
CZ063	Kraj Vysocina	6314,00	512245,00	12326,1330027624	49,1080996126
CZ064	Jihomoravský Kraj	16152,00	1163627,00	13880,7366965531	55,3017398269
CZ071	Olomoucký Kraj	7314,00	639030,00	11445,472043566	45,5994902134
CZ072	Zlínský Kraj	7400,00	590087,00	12540,5236854904	49,9622457589
CZ080	Moravskoslezský Kraj	15932,00	1234705,00	12903,4870677611	51,408315011
DE11	Stuttgart	157661,00	4002571,00	39389,9321211291	156,9320004826
DE12	Karlsruhe	96563,00	2744226,00	35187,6995553573	140,1900380692
DE13	Freiburg	68817,00	2199125,00	31292,9005854601	124,672910699
DE14	Tübingen	62350,00	1807958,00	34486,4205916288	137,3960979746
DE21	Oberbayern	192397,00	4382325,00	43902,9510590839	174,9121556139
DE22	Niederbayern	38694,00	1189384,00	32532,8068983608	129,6127764875
DE23	Oberpfalz	36336,00	1081120,00	33609,590054758	133,9027492221
DE24	Oberfranken	32105,00	1071306,00	29968,0950167366	119,3948008635
DE25	Mittelfranken	59155,00	1711566,00	34561,9158127703	137,6968757481
DE26	Unterfranken	42738,00	1318076,00	32424,5339418971	129,1814101271
DE27	Schwaben	57891,00	1784919,00	32433,4045410464	129,2167511595
DE30	Berlin	101815,00	3460725,00	29420,1359541714	117,2116970286
DE40	Brandenburg	56852,00	2503273,00	22711,0666715137	90,4823373367
DE50	Bremen	27135,00	660706,00	41069,70422548	163,6243196234
DE60	Hamburg	94071,00	1786448,00	52658,1238300807	209,7933220322
DE71	Darmstadt	160276,00	3805503,00	42116,9028115337	167,796425544
DE72	Gießen	30123,00	1041271,00	28929,0684173476	115,2552526588
DE73	Kassel	37290,00	1220247,00	30559,3867471094	121,7505448092
DE80	Mecklenburg-Vorpommern	35714,00	1642327,00	21745,9738529538	86,6373460277
DE91	Braunschweig	52118,00	1609369,00	32384,1207330326	129,0204013268
DE92	Hannover	66259,00	2138711,00	30980,8104040237	123,429523522
DE93	Lüneburg	37270,00	1692238,00	22024,0888102028	87,7453737458
DE94	Weser-Ems	70136,00	2477975,00	28303,7560911631	112,7639684907
DEA1	Düsseldorf	183446,00	5161782,00	35539,2769396305	141,5907447794
DEA2	Köln	147296,00	4392747,00	33531,6374924392	133,5921812448
DEA3	Münster	74761,00	2594291,00	28817,5073652108	114,8107863156
DEA4	Detmold	63795,00	2038323,00	31297,7874458562	124,6923802624
DEA5	Arnsberg	106796,00	3658011,00	29195,1008348526	116,3151427683
DEB1	Koblenz	41172,00	1483598,00	27751,4528868332	110,5635573181
DEB2	Trier	13404,00	513254,00	26115,7243781831	104,0467106701
DEB3	Rheinhessen-Pfalz	61123,00	2006893,00	30456,5315639648	121,340763203
DEC0	Saarland	31713,00	1017567,00	31165,5153911241	124,1653999646
DED2	Dresden	37639,00	1626870,00	23135,8375285057	92,174651508
DED4	Chemnitz	33873,00	1526091,00	22195,9240962695	88,4299764792
DED5	Leipzig	24508,00	996516,00	24593,6843964372	97,9828063603
DEE0	Sachsen-Anhalt	51817,00	2335006,00	22191,3776666955	88,4118632139
DEF0	Schleswig-Holstein	75892,00	2834259,00	26776,6636711747	106,6799349449
DEG0	Thüringen	48897,00	2235025,00	21877,6076330242	87,1617833985
DK011	Byen København	42919,00	692876,00	61943,2625751217	246,7859066738
DK012	Københavns Omegn	30285,00	516751,00	58606,5629287607	233,4922825847
DK013	Nordsjælland	15201,00	447864,00	33941,1071218048	135,2235343498
DK014	Bornholm	1199,00	41896,00	28618,4838648081	114,0178640032
DK021	Østsjælland	7354,00	235519,00	31224,6570340397	124,40102404
DK022	Vest- Og Sydsjælland	17399,00	584244,00	29780,3657376028	118,6468754486
DK031	Fyn	16410,00	484969,00	33837,2143374113	134,8096188741
DK032	Sydjylland	29446,00	715687,00	41143,6843201008	163,9190610363
DK041	Vestjylland	17126,00	426880,00	40119,0029985008	159,8366653327
DK042	Østjylland	31786,00	834113,00	38107,5465794203	151,8228947387
DK050	Nordjylland	21853,00	579829,00	37688,6978747182	150,1541747997
EE001	Põhja-Eesti	9817,00	528468,00	18576,337640122	74,0093133073
EE004	Lääne-Eesti	1254,00	160187,00	7828,3506152185	31,1886478694
EE006	Kesk-Eesti	1014,00	139476,00	7270,0679686828	28,9644142179
EE007	Kirde-Eesti	1326,00	167542,00	7914,4333958052	31,5316071546
EE008	Lõuna-Eesti	2806,00	344521,00	8144,6414006693	32,4487705206
EL11	Anatoliki Makedonia, Thraki	8228,00	606004,00	13577,4681355239	54,0934985479
EL12	Kentriki Makedonia	28095,00	1956233,00	14361,7861471512	57,2182715026
EL13	Dytiki Makedonia	5371,00	292540,00	18359,8824092432	73,1469418695
EL14	Thessalia	9906,00	735410,00	13470,0371221496	53,6654865424
EL21	Ipeiros	4499,00	357203,00	12595,0789886983	50,1795975645
EL22	Ionia Nisia	3717,00	234332,00	15862,1101684789	63,1956580417
EL23	Dytiki Ellada	9595,00	745786,00	12865,6209690179	51,2574540598
EL24	Sterea Ellada	9542,00	554609,00	17204,9137320166	68,5454730359
EL25	Peloponnisos	8978,00	589790,00	15222,3672832703	60,6468816067
EL30	 Attiki	100317,00	4113979,00	24384,4219914589	97,1490915994
EL41	Voreio Aigaio	3009,00	199603,00	15074,9237235913	60,0594570661
EL42	Notio Aigaio	7076,00	310805,00	22766,6865076173	90,7039303092
EL43	Kriti	10197,00	613591,00	16618,5618759076	66,2094098642
ES111	A Coruña	24632,00	1125352,00	21888,2625169725	87,2042331353
ES112	Lugo	6584,00	339791,00	19376,6168026816	77,1976765047
ES113	Ourense	6219,00	324059,00	19190,9497961791	76,4579673155
ES114	Pontevedra	18505,00	947435,00	19531,6829122842	77,8154697701
ES120	Asturias	22472,00	1055558,00	21289,2138565574	84,8175850859
ES130	Cantabria	12754,00	578637,00	22041,4525859909	87,8145521354
ES211	Álava	10841,00	312767,00	34661,585141655	138,0939647078
ES212	Guipúzcoa	21608,00	691222,00	31260,5790903646	124,5441398023
ES213	Vizcaya	32408,00	1136357,00	28519,2065521663	113,6223368612
ES220	Navarra	18144,00	622121,00	29164,7444789679	116,1942011114
ES230	La Rioja	7986,00	313146,00	25502,4812707172	101,6035110387
ES241	Huesca	5775,00	220789,00	26156,1943756256	104,2079457196
ES242	Teruel	3550,00	142688,00	24879,4572774165	99,1213437347
ES243	Zaragoza	23981,00	951427,00	25205,2968856255	100,4195095045
ES300	Madrid	188445,00	6369162,00	29587,0948171832	117,8768717816
ES411	Ávila	3166,00	167786,00	18869,2739561108	75,1763902634
ES412	Burgos	9781,00	361612,00	27048,328042211	107,7622631164
ES413	León	9898,00	480307,00	20607,6530219214	82,1022032746
ES414	Palencia	3855,00	168376,00	22895,1869625125	91,2158843128
ES415	Salamanca	6610,00	344482,00	19188,2304445515	76,4471332452
ES416	Segovia	3468,00	159685,00	21717,7568337665	86,5249276246
ES417	Soria	2196,00	92651,00	23701,8488737304	94,4296767878
ES418	Valladolid	12724,00	525655,00	24205,9906212249	96,4382096463
ES419	Zamora	3632,00	190855,00	19030,1537816667	75,8173457437
ES421	Albacete	7163,00	396096,00	18083,999838423	72,0478081212
ES422	Ciudad Real	9448,00	518961,00	18205,6069723929	72,5322986948
ES423	Cuenca	3946,00	213853,00	18451,9272584439	73,5136544161
ES424	Guadalajara	4839,00	246356,00	19642,3062559873	78,2562002231
ES425	Toledo	11716,00	671446,00	17448,9087730063	69,5175648327
ES431	Badajoz	10594,00	677984,00	15625,7374805305	62,2539341854
ES432	Cáceres	6361,00	405283,00	15695,2055724025	62,5306994916
ES511	Barcelona	141958,00	5375774,00	26406,9880913893	105,2071238701
ES512	Girona	19393,00	728340,00	26626,3009034242	106,0808800933
ES513	Lleida	11625,00	431792,00	26922,6849964798	107,2616932131
ES514	Tarragona	21309,00	797626,00	26715,5283303202	106,4363678499
ES521	Alicante / Alacant	33042,00	1895857,00	17428,5296834097	69,4363732407
ES522	Castellón / Castelló	13329,00	591799,00	22522,8498189419	89,7324693982
ES523	Valencia / València	53000,00	2516818,00	21058,3363596414	83,8977544209
ES531	Eivissa Y Formentera	3007,00	137426,00	21880,8667937654	87,1747681027
ES532	Mallorca	21128,00	859340,00	24586,3104242791	97,9534279852
ES533	Menorca	1833,00	91747,00	19978,854894438	79,5970314519
ES611	Almería	11630,00	691464,00	16819,3861140999	67,0095064307
ES612	Cádiz	20774,00	1225166,00	16956,0696264833	67,5540622569
ES613	Córdoba	12921,00	788184,00	16393,3802259371	65,3122718165
ES614	Granada	14716,00	911671,00	16141,7879915013	64,3099123167
ES615	Huelva	9153,00	509009,00	17982,0003182655	71,6414355309
ES616	Jaén	10365,00	653745,00	15854,8057728931	63,1665568641
ES617	Málaga	27735,00	1600004,00	17334,3316641708	69,0610823274
ES618	Sevilla	34309,00	1877060,00	18278,0518470374	72,8209236934
ES620	Murcia	27177,00	1468130,00	18511,3034949221	73,7502131272
ES630	Ceuta	1499,00	75763,00	19785,383366551	78,826228552
ES640	Melilla	1338,00	74083,00	18060,8236707477	71,9554727918
ES703	El Hierro	213,00	10560,00	20170,4545454545	80,3603766751
ES704	Fuerteventura	2087,00	94462,00	22093,5402595753	88,0220727473
ES705	Gran Canaria	16087,00	848460,00	18960,2338354195	75,5387802208
ES706	La Gomera	456,00	22848,00	19957,9831932773	79,5138772641
ES707	La Palma	1514,00	87729,00	17257,6912993423	68,7557422285
ES708	Lanzarote	2901,00	137822,00	21048,8891468706	83,860116123
ES709	Tenerife	17461,00	898348,00	19436,7884160704	77,4374040481
FI193	Keski-Suomi	7878,00	273637,00	28789,9662691814	114,7010608334
FI194	Etelä-Pohjanmaa	5456,00	193504,00	28195,7995700347	112,3338628288
FI195	Pohjanmaa	6349,00	177946,00	35679,3634023805	142,1488581768
FI196	Satakunta	7270,00	227031,00	32022,0586615925	127,5779229546
FI197	Pirkanmaa	16227,00	487923,00	33257,296745593	132,4991902215
FI1B1	Helsinki-Uusimaa	71242,00	1532309,00	46493,2334144092	185,2320056351
FI1C1	Varsinais-Suomi	14782,00	465183,00	31776,7416264137	126,6005642487
FI1C2	Kanta-Häme	4904,00	174555,00	28094,2969264702	111,9294698266
FI1C3	Päijät-Häme	5809,00	201772,00	28789,9212973059	114,7008816626
FI1C4	Kymenlaakso	5465,00	182382,00	29964,5798379226	119,380796167
FI1C5	Etelä-Karjala	4757,00	133703,00	35578,8576172562	141,7484367221
FI1D1	Etelä-Savo	4052,00	154668,00	26198,0500168102	104,3747012622
FI1D2	Pohjois-Savo	7418,00	247943,00	29918,1666754052	119,1958831689
FI1D3	Pohjois-Karjala	4550,00	165866,00	27431,7822820831	109,2899692513
FI1D4	Kainuu	2077,00	82073,00	25306,7391224885	100,8236618426
FI1D5	Keski-Pohjanmaa	2248,00	68321,00	32903,4996560355	131,0896400639
FI1D6	Pohjois-Pohjanmaa	11660,00	394965,00	29521,6031800286	117,6159489244
FI1D7	Lappi	5338,00	183488,00	29091,8207185211	115,9036682013
FI200	Åland	1174,00	28007,00	41918,091905595	167,0043502215
FR101	Paris	191969,00	2249975,00	85320,5035611507	339,9223249448
FR102	Seine-Et-Marne	38562,00	1338427,00	28811,4331226133	114,7865861459
FR103	Yvelines	52363,00	1413635,00	37041,3862135558	147,5752438787
FR104	Essonne	45513,00	1225191,00	37147,6773825469	147,9987146715
FR105	Hauts-De-Seine	138948,00	1581628,00	87851,2520011027	350,0049880522
FR106	Seine-Saint-Denis	51135,00	1529928,00	33423,1414811677	133,1599262198
FR107	Val-De-Marne	54286,00	1333702,00	40703,2455526047	162,1643249108
FR108	Val-D'Oise	35873,00	1180365,00	30391,4467135166	121,08146101
FR211	Ardennes	5996,00	283110,00	21179,0470135283	84,3786733607
FR212	Aube	7618,00	303997,00	25059,4578235969	99,8384773848
FR213	Marne	16808,00	566571,00	29666,1848206138	118,1919713969
FR214	Haute-Marne	4323,00	182375,00	23703,9067854695	94,4378756393
FR221	Aisne	11453,00	541302,00	21158,2443811403	84,2957943472
FR222	Oise	19249,00	805642,00	23892,7464059719	95,190224725
FR223	Somme	14230,00	571211,00	24911,9852383795	99,2509372047
FR231	Eure	13253,00	588111,00	22534,8616162595	89,7803251644
FR232	Seine-Maritime	36365,00	1251282,00	29062,1938140243	115,7856327252
FR241	Cher	7334,00	311694,00	23529,4872535243	93,7429771057
FR242	Eure-Et-Loir	9835,00	430416,00	22849,9869893312	91,0358047384
FR243	Indre	5220,00	230175,00	22678,3968719453	90,3521787727
FR244	Indre-Et-Loire	15822,00	593683,00	26650,586255628	106,1776344846
FR245	Loir-Et-Cher	7987,00	331280,00	24109,5146099976	96,0538430677
FR246	Loiret	19294,00	659587,00	29251,6377672695	116,540389511
FR251	Calvados	17813,00	685262,00	25994,4371641795	103,563494678
FR252	Manche	10860,00	499531,00	21740,3924881539	86,6151095146
FR253	Orne	6463,00	290891,00	22217,9441784036	88,5177058901
FR261	Côte-D'Or	15977,00	525931,00	30378,5097284625	121,0299192369
FR262	Nièvre	4779,00	218341,00	21887,7810397498	87,2023148994
FR263	Saône-Et-Loire	13150,00	555999,00	23651,1216746793	94,2275763931
FR264	Yonne	7932,00	342463,00	23161,6262194748	92,2773952967
FR301	Nord	69138,00	2579208,00	26805,9032074963	106,7964271215
FR302	Pas-De-Calais	31173,00	1462807,00	21310,3984326025	84,9019857873
FR411	Meurthe-Et-Moselle	19305,00	733124,00	26332,5167365957	104,9104252454
FR412	Meuse	3724,00	193557,00	19239,8104950996	76,6526314546
FR413	Moselle	23714,00	1045146,00	22689,6529288731	90,397023621
FR414	Vosges	8506,00	378830,00	22453,3431882375	89,4555505507
FR421	Bas-Rhin	33762,00	1099269,00	30713,1375486801	122,3630978035
FR422	Haut-Rhin	19154,00	753056,00	25435,0274083202	101,3347705511
FR431	Doubs	13479,00	529103,00	25475,1910308579	101,4947849835
FR432	Jura	6078,00	261294,00	23261,1541022756	92,6739207262
FR433	Haute-Saône	4688,00	239695,00	19558,1885312585	77,9210698457
FR434	Territoire De Belfort	4325,00	143348,00	30171,3313056338	120,2045071938
FR511	Loire-Atlantique	39558,00	1296364,00	30514,5776957706	121,5720226923
FR512	Maine-Et-Loire	19363,00	790343,00	24499,4894621702	97,6075277377
FR513	Mayenne	7693,00	307031,00	25056,1018268514	99,8251068799
FR514	Sarthe	15449,00	565718,00	27308,6590845616	108,7994385839
FR515	Vendée	15886,00	641657,00	24757,7755716839	98,6365560625
FR521	Côtes-D'Armor	13296,00	594375,00	22369,7160883281	89,1223748539
FR522	Finistère	22110,00	899870,00	24570,215697823	97,889305569
FR523	Ille-Et-Vilaine	29237,00	996439,00	29341,4850281854	116,8983467258
FR524	Morbihan	16515,00	727083,00	22714,0505279315	90,4942252109
FR531	Charente	8764,00	352705,00	24847,9607604088	98,9958596032
FR532	Charente-Maritime	14108,00	625682,00	22548,1954091695	89,8334478453
FR533	Deux-Sèvres	9689,00	370939,00	26120,1976605318	104,0645325121
FR534	Vienne	11055,00	428447,00	25802,4913233142	102,7987702124
FR611	Dordogne	8811,00	415168,00	21222,7339293973	84,5527248183
FR612	Gironde	44153,00	1463662,00	30166,1175872572	120,1837354074
FR613	Landes	8816,00	387929,00	22725,8080731268	90,5410680204
FR614	Lot-Et-Garonne	7491,00	330866,00	22640,5856147202	90,2015363136
FR615	Pyrénées-Atlantiques	18401,00	656608,00	28024,3311077538	111,6507215448
FR621	Ariège	2965,00	152286,00	19469,944709297	77,5695008339
FR622	Aveyron	6453,00	275813,00	23396,2866144816	93,2122972689
FR623	Haute-Garonne	42541,00	1260226,00	33756,6436496311	134,4886201181
FR624	Gers	3730,00	188893,00	19746,6290439561	78,6718288604
FR625	Lot	3808,00	174754,00	21790,6314018563	86,8152645492
FR626	Hautes-Pyrénées	5428,00	229228,00	23679,4806917131	94,3405605248
FR627	Tarn	7917,00	377675,00	20962,4677301913	83,51580769
FR628	Tarn-Et-Garonne	4956,00	244545,00	20266,2086732503	80,7418672241
FR631	Corrèze	5811,00	242454,00	23967,4329975995	95,4877808669
FR632	Creuse	2322,00	122560,00	18945,8224543081	75,4813643598
FR633	Haute-Vienne	9169,00	376058,00	24381,8772636136	97,1389532415
FR711	Ain	14508,00	603827,00	24026,7493835155	95,7241011295
FR712	Ardèche	6604,00	317277,00	20814,6194019737	82,9267705258
FR713	Drôme	13924,00	487993,00	28533,1961728959	113,678072402
FR714	Isère	36103,00	1215212,00	29709,2194612956	118,3634241486
FR715	Loire	19532,00	749053,00	26075,5914468002	103,8868185131
FR716	Rhône	69479,00	1744236,00	39833,4858356323	158,6991467555
FR717	Savoie	13125,00	418949,00	31328,395580369	124,8143250214
FR718	Haute-Savoie	19991,00	746994,00	26761,9284759985	106,621228988
FR721	Allier	7698,00	342729,00	22460,8947594163	89,4856364917
FR722	Cantal	3200,00	147577,00	21683,595682254	86,3888274193
FR723	Haute-Loire	4637,00	224907,00	20617,4107519997	82,1410786932
FR724	Puy-De-Dôme	17656,00	635469,00	27784,2034780611	110,6940377612
FR811	Aude	7393,00	359967,00	20537,9937605392	81,8246763368
FR812	Gard	15752,00	718357,00	21927,8158353019	87,3618160769
FR813	Hérault	28285,00	1062036,00	26632,8071741448	106,1068014906
FR814	Lozère	1788,00	77156,00	23173,8296438385	92,3260145173
FR815	Pyrénées-Orientales	9885,00	452530,00	21843,8556559786	87,0273133704
FR821	Alpes-De-Haute-Provence	3787,00	160959,00	23527,7306643307	93,7359787424
FR822	Hautes-Alpes	3605,00	138605,00	26009,1627286173	103,6221622654
FR823	Alpes-Maritimes	33935,00	1081244,00	31385,1452586095	125,040419357
FR824	Bouches-Du-Rhône	63319,00	1975896,00	32045,7149566576	127,6721711421
FR825	Var	24150,00	1012735,00	23846,317151081	95,0052476139
FR826	Vaucluse	15170,00	546630,00	27751,8614053382	110,5651848818
FR831	Corse-Du-Sud	4112,00	145846,00	28194,1225676398	112,3271815444
FR832	Haute-Corse	3968,00	168640,00	23529,4117647059	93,7426763534
FR910	Guadeloupe (FR)	8733,00	449956,00	19408,5643929629	77,3249577409
FR920	Martinique (FR)	8453,00	392291,00	21547,779581994	85,8477274183
FR930	Guyane (FR)	3566,00	237549,00	15011,6397038085	59,8073294972
FR940	Reunion (FR)	16090,00	828581,00	19418,7411973	77,3655027781
HU101	Budapest	37899,00	1733685,00	21860,3725590289	87,0931177651
HU102	Pest	10398,00	1237561,00	8402,0100827353	33,4741437559
HU211	Fejér	3921,00	426120,00	9201,6333427204	36,6598937957
HU212	Komárom-Esztergom	3120,00	311411,00	10018,9139111977	39,9159916781
HU213	Veszprém	2483,00	356573,00	6963,5109781167	27,743071626
HU221	Gyor-Moson-Sopron	5510,00	449967,00	12245,3424362231	48,7862248455
HU222	Vas	2258,00	257688,00	8762,5345378908	34,9104961669
HU223	Zala	2263,00	287043,00	7883,8362196605	31,4097060544
HU231	Baranya	2476,00	391455,00	6325,1203842076	25,1996828056
HU232	Somogy	1994,00	317947,00	6271,4854991555	24,9859980046
HU233	Tolna	1720,00	231183,00	7439,9934251221	29,6414080682
HU311	Borsod-Abaúj-Zemplén	4080,00	684793,00	5958,0048277363	23,7370710268
HU312	Heves	2054,00	307985,00	6669,1559653879	26,5703424916
HU313	Nógrád	877,00	201919,00	4343,325789054	17,304086809
HU321	Hajdú-Bihar	3953,00	539674,00	7324,7923746558	29,1824397397
HU322	Jász-Nagykun-Szolnok	2453,00	386752,00	6342,5657785868	25,2691863689
HU323	Szabolcs-Szatmár-Bereg	2926,00	555496,00	5267,3646614917	20,9855165796
HU331	Bács-Kiskun	3511,00	524841,00	6689,645054407	26,6519723283
HU332	Békés	2007,00	361802,00	5547,233016954	22,100529948
HU333	Csongrád	3018,00	421827,00	7154,591811335	28,504349846
IE011	Border	10573,00	514501,00	20550,0086491571	81,872544419
IE012	Midland	6096,00	282707,00	21562,9609454311	85,908210938
IE013	West	12631,00	440235,00	28691,494315536	114,308742293
IE021	Dublin	68036,00	1261901,00	53915,4814838882	214,8027150753
IE022	Mid-East	12825,00	532456,00	24086,4972880388	95,9621405898
IE023	Mid-West	11505,00	378008,00	30435,8637912425	121,2584214791
IE024	South-East (Ie)	11904,00	498977,00	23856,8110353784	95,0470559178
IE025	South-West (Ie)	29031,00	661942,00	43857,3168041913	174,7303458334
IS001	Höfudborgarsvædi	6330,91	202341,00	31288,329849116	124,6547005941
IS002	Landsbyggd	3758,49	116111,00	32369,7845165401	128,9632849265
ITC11	Torino	68111,00	2302353,00	29583,2133473885	117,8614077585
ITC12	Vercelli	4684,00	179562,00	26085,6974192758	103,9270813517
ITC13	Biella	5215,00	185768,00	28072,6497566858	111,8432261223
ITC14	Verbano-Cusio-Ossola	3517,00	163247,00	21544,0406255551	85,8328311775
ITC15	Novara	9718,00	371802,00	26137,567845251	104,1337364353
ITC16	Cuneo	17858,00	592303,00	30150,1089813828	120,1199561011
ITC17	Asti	5323,00	221687,00	24011,3312914154	95,6626744678
ITC18	Alessandria	11571,00	440613,00	26261,140728939	104,626058681
ITC20	Valle D'Aosta/Vallée D'Aoste	4328,00	128230,00	33751,8521406847	134,469530441
ITC31	Imperia	5274,00	222648,00	23687,6145305594	94,3729662572
ITC32	Savona	7754,00	287906,00	26932,4015477274	107,3004045726
ITC33	Genova	24697,00	882718,00	27978,3577541185	111,4675607734
ITC34	La Spezia	6273,00	223516,00	28065,1049589291	111,813167167
ITC41	Varese	24668,00	883285,00	27927,5658479426	111,2652025814
ITC42	Como	15373,00	594988,00	25837,4958822699	102,9382306067
ITC43	Lecco	9172,00	340167,00	26963,2268856179	107,4232146837
ITC44	Sondrio	5480,00	183169,00	29917,7262528048	119,1941284972
ITC46	Bergamo	31825,00	1098740,00	28964,9962684529	115,3983915078
ITC47	Brescia	36709,00	1256025,00	29226,329093768	116,4395581425
ITC48	Pavia	12513,00	548307,00	22821,1567607198	90,9209432698
ITC49	Lodi	5316,00	227655,00	23351,1234104237	93,032364185
ITC4A	Cremona	9340,00	363606,00	25687,1448765972	102,3392226159
ITC4B	Mantova	13077,00	415442,00	31477,3181334579	125,407641966
ITC4C	Milano	147699,00	3156694,00	46789,1407909668	186,4109194859
ITC4D	Monza E Della Brianza	25990,00	849636,00	30589,5701217933	121,870797298
ITF11	L'Aquila	6712,00	309820,00	21664,1921115486	86,3115223568
ITF12	Teramo	7002,00	312239,00	22425,1294681318	89,3431452914
ITF13	Pescara	7241,00	323184,00	22405,1933264023	89,2637184319
ITF14	Chieti	9118,00	397123,00	22960,140812796	91,4746645928
ITF21	Isernia	1850,00	88694,00	20858,2316729429	83,1005245934
ITF22	Campobasso	4564,00	231086,00	19750,2228607531	78,6861468556
ITF31	Caserta	12443,00	916467,00	13577,1391659492	54,0921879121
ITF32	Benevento	4482,00	287874,00	15569,3115738135	62,0291297761
ITF33	Napoli	50551,00	3080873,00	16408,0116252763	65,3705642441
ITF34	Avellino	7351,00	439137,00	16739,6507240337	66,6918355539
ITF35	Salerno	18808,00	1109705,00	16948,6485146953	67,5244960745
ITF43	Taranto	10306,00	580028,00	17768,1077465226	70,7892738905
ITF44	Brindisi	6733,00	403229,00	16697,7077541546	66,5247320883
ITF45	Lecce	12791,00	815597,00	15682,990496532	62,4820338507
ITF46	Foggia	9382,00	640836,00	14640,2511719067	58,327693912
ITF47	Bari	25026,00	1258706,00	19882,323592642	79,2124445922
ITF48	Barletta-Andria-Trani	5736,00	392863,00	14600,5095924024	58,1693609259
ITF51	Potenza	7391,00	383791,00	19257,8773342783	76,7246108935
ITF52	Matera	3354,00	203726,00	16463,2889272847	65,590792539
ITF61	Cosenza	11466,00	734656,00	15607,3046432616	62,1804965867
ITF62	Crotone	2721,00	174605,00	15583,7461699264	62,0866381272
ITF63	Catanzaro	7688,00	368597,00	20857,467640811	83,0974806407
ITF64	Vibo Valentia	2582,00	166560,00	15501,9212295869	61,760642349
ITF65	Reggio Di Calabria	8599,00	566977,00	15166,4000479737	60,4239045736
ITG11	Trapani	6298,00	436624,00	14424,3101616036	57,4673711618
ITG12	Palermo	22818,00	1249577,00	18260,5793800622	72,7513122712
ITG13	Messina	11094,00	653737,00	16970,1271306351	67,6100682495
ITG14	Agrigento	5957,00	454002,00	13121,0875723014	52,275249292
ITG15	Caltanissetta	4202,00	271729,00	15463,9364955526	61,6093087472
ITG16	Enna	2514,00	172485,00	14575,180450474	58,0684480099
ITG17	Catania	17849,00	1090101,00	16373,7121606163	65,2339129905
ITG18	Ragusa	5755,00	318549,00	18066,294353459	71,9772683405
ITG19	Siracusa	7469,00	404271,00	18475,2307239451	73,6064969081
ITG25	Sassari	6358,00	337237,00	18853,2100570222	75,1123906654
ITG26	Nuoro	2852,00	160677,00	17749,8957535926	70,7167161498
ITG27	Cagliari	13274,00	563180,00	23569,7290386732	93,9033029429
ITG28	Oristano	2591,00	166244,00	15585,5248911239	62,0937246658
ITG29	Olbia-Tempio	4019,00	157859,00	25459,4289840934	101,4319879844
ITG2A	Ogliastra	1028,00	57965,00	17734,8399896489	70,6567330265
ITG2B	Medio Campidano	1169,00	102409,00	11415,01235243	45,4781368623
ITG2C	Carbonia-Iglesias	1785,00	129840,00	13747,6894639556	54,7716711711
ITH10	Bolzano-Bozen	19234,00	507657,00	37887,7864384811	150,9473563286
ITH20	Trento	16563,00	529457,00	31282,9937086487	124,6334410703
ITH31	Verona	28237,00	920158,00	30687,1211248503	122,2594467126
ITH32	Vicenza	27150,00	870740,00	31180,3753129522	124,2246028404
ITH33	Belluno	6506,00	213474,00	30476,7793736005	121,4214317673
ITH34	Treviso	26035,00	888249,00	29310,4748781029	116,7748003112
ITH35	Venezia	25229,00	863133,00	29229,5625355536	116,4524403807
ITH36	Padova	29960,00	934216,00	32069,6712537572	127,7676145568
ITH37	Rovigo	6409,00	247884,00	25854,835326201	103,0073120566
ITH41	Pordenone	9541,00	315323,00	30257,8625726636	120,5492532775
ITH42	Udine	14944,00	541522,00	27596,2934100554	109,9453920719
ITH43	Gorizia	3984,00	142407,00	27976,1528576545	111,4587763253
ITH44	Trieste	8159,00	236556,00	34490,775968481	137,4134500736
ITH51	Piacenza	7781,00	289875,00	26842,6045709357	106,942647693
ITH52	Parma	14192,00	442120,00	32099,8823848729	127,887977629
ITH53	Reggio Nell'Emilia	16181,00	530343,00	30510,4432414494	121,5555507627
ITH54	Modena	23066,00	700913,00	32908,5064765527	131,109587556
ITH55	Bologna	37285,00	991924,00	37588,5652529831	149,7552400517
ITH56	Ferrara	8983,00	359994,00	24953,1936643389	99,4151142006
ITH57	Ravenna	12119,00	392458,00	30879,7374496124	123,0268424287
ITH58	Forlì-Cesena	12969,00	395489,00	32792,315336204	130,6466746462
ITH59	Rimini	10033,00	329302,00	30467,4736260332	121,3843570758
ITI11	Massa-Carrara	4565,00	203901,00	22388,3158984017	89,1964776829
ITI12	Lucca	11524,00	393795,00	29263,9571350576	116,5894706576
ITI13	Pistoia	7865,00	293061,00	26837,4161010848	106,9219764983
ITI14	Firenze	32026,00	998098,00	32087,0295301664	127,8367710365
ITI15	Prato	6561,00	249775,00	26267,6408767891	104,6519556844
ITI16	Livorno	9485,00	342955,00	27656,6896531615	110,1860145544
ITI17	Pisa	11783,00	417782,00	28203,7043242648	112,3653558736
ITI18	Arezzo	8678,00	349651,00	24819,0338365971	98,8806128948
ITI19	Siena	7948,00	272638,00	29152,2091564639	116,1442595875
ITI1A	Grosseto	5577,00	228157,00	24443,6944735423	97,3852369464
ITI21	Perugia	16144,00	671821,00	24030,2104280753	95,7378901517
ITI22	Terni	5389,00	234665,00	22964,6517375834	91,4926364047
ITI31	Pesaro E Urbino	10148,00	366963,00	27654,0141649158	110,1753552387
ITI32	Ancona	13912,00	481028,00	28921,3933492437	115,2246746982
ITI33	Macerata	8025,00	325362,00	24664,8348608627	98,2662743461
ITI34	Ascoli Piceno	4707,00	214068,00	21988,3401535961	87,6029488191
ITI35	Fermo	4084,00	177914,00	22954,9107995998	91,4538278869
ITI41	Viterbo	6733,00	320294,00	21021,3116699033	83,7502456968
ITI42	Rieti	2936,00	160467,00	18296,5968080665	72,8948080003
ITI43	Roma	139116,00	4194068,00	33169,7054029644	132,1502207289
ITI44	Latina	11792,00	555692,00	21220,3882726402	84,5433795723
ITI45	Frosinone	11669,00	498167,00	23423,8719144383	93,3221988623
LI000	Liechtenstein	4182,10	36149,00	115690,613848239	460,9187802719
LT001	Alytaus Apskritis	1060,00	158403,00	6691,7924534258	26,6605277029
LT002	Kauno Apskritis	6077,00	610225,00	9958,6218198206	39,6757841427
LT003	Klaipedos Apskritis	3799,00	340047,00	11171,9850491256	44,5099005941
LT004	Marijampoles Apskritis	1035,00	162205,00	6380,8144015289	25,4215713208
LT005	Panevežio Apskritis	1908,00	251401,00	7589,4686178655	30,2369267644
LT006	Šiauliu Apskritis	2322,00	303110,00	7660,585266075	30,5202600242
LT007	Taurages Apskritis	647,00	110511,00	5854,6208069785	23,3251824979
LT008	Telšiu Apskritis	1312,00	152594,00	8597,9789506796	34,2548962178
LT009	Utenos Apskritis	1044,00	152577,00	6842,4467645844	27,260744082
LT00A	Vilniaus Apskritis	11754,00	811515,00	14484,0206280845	57,7052614665
LU000	Luxembourg	42848,00	511840,00	83713,6605189122	333,5205598363
LV003	Kurzeme	2343,00	271143,00	8641,1967116983	34,4270785327
LV005	Latgale	1680,00	304986,00	5508,4495681769	21,9460142158
LV006	Riga	10140,00	659418,00	15377,1962548793	61,2637300991
LV007	Pieriga	2983,00	371952,00	8019,8520239171	31,9516016889
LV008	Vidzeme	1372,00	211995,00	6471,850751197	25,784265941
LV009	Zemgale	1664,00	255111,00	6522,6509244995	25,9866570697
MT001	Malta	6280,00	383685,00	16367,5932079701	65,2095346931
MT002	Gozo And Comino / Ghawdex U Kemmuna	351,00	31304,00	11212,6245847176	44,6718110945
NL11	Groningen	29216,00	579036,00	50456,2756028986	201,0210183382
NL12	Friesland (Nl)	18827,00	647282,00	29086,240618463	115,8814367269
NL13	Drenthe	13481,00	491411,00	27433,2483399842	109,2958101195
NL21	Overijssel	35705,00	1134465,00	31472,985063444	125,3903787388
NL22	Gelderland	60490,00	2004671,00	30174,5273912777	120,2172406027
NL23	Flevoland	10292,00	391967,00	26257,3124778361	104,6108066846
NL31	Utrecht	52096,00	1228794,00	42396,0403452491	168,9085272719
NL32	Noord-Holland	109282,00	2691477,00	40602,9849038279	161,7648800949
NL33	Zuid-Holland	125187,00	3528324,00	35480,5851163329	141,3569128141
NL34	Zeeland	13088,00	381530,00	34303,9865803475	136,6692692444
NL41	Noord-Brabant	89539,00	2454215,00	36483,7636474392	145,3536400296
NL42	Limburg (Nl)	36055,00	1122627,00	32116,6335746423	127,9547154368
NO011	Oslo	56735,00	599230,00	94679,8391268795	377,2105144497
NO012	Akershus	27239,00	545653,00	49920,0041051731	198,8844785067
NO021	Hedmark	7589,00	191622,00	39604,0120654205	157,7849086272
NO022	Oppland	7412,00	186087,00	39830,8318152262	158,688572969
NO031	Østfold	10650,00	274827,00	38751,6510386534	154,3890479628
NO032	Buskerud	12137,00	261110,00	46482,3254567041	185,1885476363
NO033	Vestfold	9661,00	233705,00	41338,4394856764	164,6949780306
NO034	Telemark	7322,00	169185,00	43278,0683866773	172,4225832139
NO041	Aust-Agder	4392,00	110048,00	39909,85751672	159,0034164013
NO042	Vest-Agder	9083,00	172408,00	52683,1701545172	209,8931081853
NO043	Rogaland	27020,00	436087,00	61960,1134635979	246,8530416876
NO051	Hordaland	27041,00	484240,00	55842,144391211	222,4786629132
NO052	Sogn og Fjordane	5384,00	107742,00	49971,2275621392	199,0885560245
NO053	Møre og Romsdal	13792,00	253904,00	54319,7428949524	216,4133183066
NO061	Sør-Trøndelag	15063,00	294066,00	51223,1947930057	204,0764732789
NO062	Nord-Trøndelag	5151,00	132140,00	38981,3833812623	155,30431626
NO071	Nordland	10678,00	237280,00	45001,6857720836	179,2895847493
NO072	Troms	7233,00	157554,00	45908,0696142275	182,9006757539
NO073	Finnmark	3419,00	73417,00	46569,5955977498	185,5362374412
PL113	Miasto Lódz	8597,00	730633,00	11766,5093145259	46,8785231654
PL114	Lódzki	3024,00	383300,00	7889,381685364	31,4317995433
PL115	Piotrkowski	5537,00	599328,00	9238,6806556677	36,8074926521
PL116	Sieradzki	2901,00	456106,00	6360,3635996896	25,3400940227
PL117	Skierniewicki	2571,00	373069,00	6891,4865614672	27,4561217588
PL121	Ciechanowsko-Plocki	7417,00	632456,00	11727,2980254753	46,7223028903
PL122	Ostrolecko-Siedlecki	5660,00	759466,00	7452,6048565703	29,691652815
PL127	Miasto Warszawa	49528,00	1700112,00	29132,1983492852	116,0645352561
PL128	Radomski	4492,00	626393,00	7171,216792014	28,5705848287
PL129	Warszawski-Wschodni	6449,00	779143,00	8277,0428534942	32,9762663486
PL12A	Warszawski-Zachodni	9384,00	769502,00	12194,9000782324	48,5852592758
PL213	Miasto Kraków	11063,00	757740,00	14599,9947211445	58,167309646
PL214	Krakowski	4535,00	692269,00	6550,9216792894	26,0992895589
PL215	Nowosadecki	4347,00	782997,00	5551,7454089863	22,1185076055
PL216	Oswiecimski	4690,00	640060,00	7327,4380526826	29,1929802896
PL217	Tarnowski	3018,00	463633,00	6509,4589901927	25,9340995625
PL224	Czestochowski	4248,00	530614,00	8005,819673058	31,8956959086
PL225	Bielski	6220,00	660812,00	9412,6619976635	37,500645409
PL227	Rybnicki	6191,00	640264,00	9669,4488523484	38,523700607
PL228	Bytomski	3317,00	450734,00	7359,1075889549	29,3191537409
PL229	Gliwicki	5485,00	484223,00	11327,4255869713	45,1291856055
PL22A	Katowicki	10397,00	765931,00	13574,329802554	54,0809952293
PL22B	Sosnowiecki	6628,00	713326,00	9291,6843070349	37,0186625778
PL22C	Tyski	5638,00	389031,00	14492,418341983	57,738718494
PL311	Bialski	1782,00	310586,00	5737,5412929108	22,8587302506
PL312	Chelmsko-Zamojski	3520,00	652603,00	5393,7845826636	21,4891816042
PL314	Lubelski	5994,00	717676,00	8351,9582652896	33,2747341247
PL315	Pulawski	2911,00	497746,00	5848,3644268362	23,3002566806
PL323	Krosnienski	2745,00	487340,00	5632,6178848443	22,4407087046
PL324	Przemyski	2024,00	398933,00	5073,5336510141	20,2132814781
PL325	Rzeszowski	4844,00	619565,00	7818,3887082066	31,1489589968
PL326	Tarnobrzeski	4227,00	622110,00	6794,618315089	27,0701924904
PL331	Kielecki	6052,00	783358,00	7725,7141690006	30,7797377251
PL332	Sandomiersko-Jedrzejowski	3129,00	499188,00	6268,1795235462	24,972826787
PL343	Bialostocki	4070,00	509016,00	7995,8193848524	31,8558541229
PL344	Lomzynski	2525,00	414941,00	6085,2024745687	24,24383456
PL345	Suwalski	1714,00	279491,00	6132,5767198228	24,432576573
PL411	Pilski	2980,00	414444,00	7190,356236307	28,6468375948
PL414	Koninski	4916,00	660285,00	7445,269845597	29,6624296637
PL415	Miasto Poznan	10207,00	555614,00	18370,6674057889	73,1899099832
PL416	Kaliski	5226,00	672804,00	7767,492464373	30,946185117
PL417	Leszczynski	4523,00	549994,00	8223,7260770118	32,7638489124
PL418	Poznanski	6717,00	593604,00	11315,624557786	45,0821695529
PL422	Koszalinski	4331,00	604906,00	7159,7901161503	28,5250602237
PL423	Stargardzki	2301,00	381295,00	6034,6975438965	24,0426196968
PL424	Miasto Szczecin	4764,00	410245,00	11612,5729746859	46,2652309748
PL425	Szczecinski	2607,00	327295,00	7965,2912510121	31,7342280917
PL431	Gorzowski	3079,00	386634,00	7963,6038217022	31,7275052657
PL432	Zielonogórski	5063,00	636581,00	7953,4261939957	31,6869569482
PL514	Miasto Wroclaw	9247,00	630691,00	14661,6964567435	58,4131332938
PL515	Jeleniogórski	4511,00	584020,00	7724,0505462142	30,7731097459
PL516	Legnicko-Glogowski	8148,00	455062,00	17905,2524710918	71,3356672155
PL517	Walbrzyski	4877,00	685606,00	7113,4149934511	28,3402987787
PL518	Wroclawski	5032,00	561863,00	8955,9198594675	35,6809556154
PL521	Nyski	2431,00	404705,00	6006,8444916668	23,9316513612
PL522	Opolski	5399,00	612536,00	8814,1758198702	35,1162383262
PL613	Bydgosko-Torunski	7857,00	772861,00	10166,1230156522	40,5024821341
PL614	Grudziadzki	3486,00	539710,00	6459,0242908229	25,7331645053
PL615	Wloclawski	5254,00	786140,00	6683,2879639759	26,6266452748
PL621	Elblaski	3533,00	538474,00	6561,1338709019	26,1399755813
PL622	Olsztynski	4877,00	623947,00	7816,3690185224	31,1409124244
PL623	Elcki	1688,00	291361,00	5793,5001595958	23,0816739426
PL631	Slupski	3438,00	490173,00	7013,850212068	27,9436263429
PL633	Trójmiejski	10316,00	748828,00	13776,19426624	54,8852361205
PL634	Gdanski	3505,00	532663,00	6580,1454202751	26,2157188059
PL635	Starogardzki	3661,00	503830,00	7266,3398368497	28,949561103
PT11	Norte	48675,00	3694152,00	13176,2309726292	52,4949441141
PT15	Algarve	7152,00	451241,00	15849,6235936008	63,1459107315
PT16	Centro (Pt)	31629,00	2330551,00	13571,4687213453	54,0695964994
PT17	Lisboa	63572,00	2823025,00	22519,1062778403	89,7175548918
PT18	Alentejo	11059,00	758411,00	14581,8032702585	58,094833746
PT20	Região Autónoma dos Açores (PT)	3714,00	246732,00	15052,769806916	59,9711944499
PT30	Região Autónoma da Madeira (PT)	5141,00	268045,00	19179,615363092	76,4128102115
RO111	Bihor	3019,00	593041,00	5090,7104230568	20,2817148329
RO112	Bistrita-Nasaud	1400,00	316947,00	4417,1422982391	17,598176487
RO113	Cluj	5325,00	694136,00	7671,4073322807	30,5633758258
RO114	Maramures	2056,00	509660,00	4034,0619236354	16,0719598551
RO115	Satu Mare	1525,00	363488,00	4195,4617483934	16,7149870454
RO116	Salaj	1076,00	240260,00	4478,4816448847	17,8425563541
RO121	Alba	2206,00	371520,00	5937,7691645134	23,6564508546
RO122	Brasov	4264,00	598813,00	7120,7538914486	28,3695374161
RO123	Covasna	1008,00	222065,00	4539,2114921307	18,0845079368
RO124	Harghita	1478,00	324419,00	4555,8367419911	18,150743992
RO125	Mures	2678,00	579747,00	4619,2563307788	18,4034116764
RO126	Sibiu	2864,00	426128,00	6720,9852438704	26,7768336409
RO211	Bacau	2767,00	713791,00	3876,4848534095	15,4441627626
RO212	Botosani	1367,00	446456,00	3061,8918773631	12,1987724198
RO213	Iasi	3874,00	821952,00	4713,1705987698	18,7775721067
RO214	Neamt	1793,00	562231,00	3189,0806447884	12,7055005768
RO215	Suceava	2483,00	709452,00	3499,8844178324	13,9437626208
RO216	Vaslui	1174,00	449401,00	2612,3662386154	10,40783362
RO221	Braila	1662,00	356653,00	4659,9916445397	18,5657037631
RO222	Buzau	1878,00	479210,00	3918,9499384404	15,6133463683
RO223	Constanta	5240,00	724671,00	7230,8675247112	28,8082371502
RO224	Galati	2651,00	606823,00	4368,6544511332	17,4049978133
RO225	Tulcea	1223,00	245127,00	4989,2504701645	19,877491913
RO226	Vrancea	1353,00	390048,00	3468,8038395275	13,8199356156
RO311	Arges	3945,00	638942,00	6174,269339001	24,5986826255
RO312	Calarasi	1296,00	311474,00	4160,8609386337	16,5771352137
RO313	Dâmbovita	2434,00	529650,00	4595,4875861418	18,3087154826
RO314	Giurgiu	1273,00	279847,00	4548,9142281318	18,1231642555
RO315	Ialomita	1270,00	286619,00	4430,9693355988	17,6532642853
RO316	Prahova	4886,00	811479,00	6021,1046743046	23,9884648379
RO317	Teleorman	1376,00	395701,00	3477,373067038	13,8540759643
RO321	Bucuresti	31597,00	1937421,00	16308,7940101816	64,975274941
RO322	Ilfov	3397,00	329998,00	10294,001781829	41,0119592902
RO411	Dolj	3360,00	700431,00	4797,0463900084	19,1117386056
RO412	Gorj	2417,00	376090,00	6426,653194714	25,6041959949
RO413	Mehedinti	1055,00	290137,00	3636,2132371949	14,4869053275
RO414	Olt	1707,00	460334,00	3708,1771061881	14,7736139689
RO415	Vâlcea	1941,00	405822,00	4782,8851072638	19,0553191524
RO421	Arad	2922,00	455126,00	6420,2001204062	25,5784865355
RO422	Caras-Severin	1527,00	320391,00	4766,0514808468	18,9882529117
RO423	Hunedoara	2246,00	459967,00	4882,9589948844	19,4540198999
RO424	Timis	6346,00	678347,00	9355,0940742717	37,2712911326
SE110	Stockholms Län	116569,00	2054343,00	56742,7153109291	226,0665948643
SE121	Uppsala Län	12173,00	335882,00	36241,8944748453	144,3900178281
SE122	Södermanlands Län	8941,00	270738,00	33024,5477177197	131,5719032578
SE123	Östergötlands Län	14783,00	429642,00	34407,71619162	137,082534628
SE124	Örebro Län	10318,00	280230,00	36819,7552010848	146,6922517972
SE125	Västmanlands Län	9054,00	252756,00	35821,1081042587	142,7135781046
SE211	Jönköpings Län	12304,00	336866,00	36524,9090142668	145,5175657939
SE212	Kronobergs Län	7022,00	183940,00	38175,4920082636	152,0935936584
SE213	Kalmar Län	7969,00	233536,00	34123,2186900521	135,9490784464
SE214	Gotlands Län	1846,00	57269,00	32233,8437898339	128,4216884057
SE221	Blekinge Län	4897,00	153227,00	31959,1194763325	127,3271692284
SE224	Skåne Län	43857,00	1243329,00	35273,8494799044	140,5332648602
SE231	Hallands Län	10398,00	299484,00	34719,7179148135	138,3255693817
SE232	Västra Götalands Län	62093,00	1580297,00	39291,9811908774	156,5417577326
SE311	Värmlands Län	9059,00	273265,00	33150,9706694966	132,0755803566
SE312	Dalarnas Län	10190,00	277047,00	36780,7628308554	146,5369037086
SE313	Gävleborgs Län	9199,00	276508,00	33268,476861429	132,5437325157
SE321	Västernorrlands Län	9369,00	242625,00	38615,1468315301	153,8452065001
SE322	Jämtlands Län	4546,00	126691,00	35882,5804516501	142,9584878552
SE331	Västerbottens Län	9287,00	259286,00	35817,5913855742	142,6995672732
SE332	Norrbottens Län	11469,00	248609,00	46132,6822440056	183,7955467889
SI011	Pomurska	1424,00	119145,00	11951,8234084519	47,6168263285
SI012	Podravska	4757,00	323119,00	14722,1302368477	58,6539053261
SI013	Koroška	990,00	72494,00	13656,3025905592	54,4075800421
SI014	Savinjska	4203,00	259726,00	16182,438415869	64,4718661987
SI015	Zasavska	520,00	44222,00	11758,8530595631	46,8480201576
SI016	Spodnjeposavska	1070,00	70167,00	15249,3337323813	60,7543176589
SI017	Jugovzhodna Slovenija	2326,00	142483,00	16324,7545321196	65,0388626778
SI018	Notranjsko-Kraška	655,00	52287,00	12527,0143630348	49,9084237571
SI021	Osrednjeslovenska	13185,00	533213,00	24727,4541318385	98,5157535133
SI022	Gorenjska	2983,00	203427,00	14663,7368687539	58,4212624253
SI023	Goriška	1947,00	119146,00	16341,2955533547	65,1047631608
SI024	Obalno-Kraška	2090,00	110760,00	18869,6280245576	75,1778008947
SK010	Bratislavský Kraj	19021,00	599931,00	31705,3127776361	126,3159871619
SK021	Trnavský Kraj	7928,00	554021,00	14309,926880028	57,0116608766
SK022	Trenciansky Kraj	6693,00	594454,00	11259,0713495073	44,8568579662
SK023	Nitriansky Kraj	7889,00	690311,00	11428,1823699753	45,5306070517
SK031	Žilinský Kraj	7605,00	688295,00	11049,0414720432	44,020085546
SK032	Banskobystrický Kraj	5915,00	660991,00	8948,6846265683	35,6521299863
SK041	Prešovský Kraj	6085,00	813606,00	7479,0500561697	29,797012176
SK042	Košický Kraj	7838,00	790837,00	9911,0183261532	39,4861287895
TR100	Istanbul	153484,58	13255685,00	11578,7741608977	46,1305743462
TR211	Tekirdag	6399,27	798109,00	8018,0439927378	31,9443983774
TR212	Edirne	3974,50	390428,00	10179,8444886125	40,557149357
TR213	Kirklareli	4713,73	332791,00	14164,2363345162	56,4312204562
TR221	Balikesir	7979,05	1152323,00	6924,3188437617	27,5869276644
TR222	Çanakkale	4007,90	490397,00	8172,7568745323	32,5607843607
TR310	Izmir	36283,70	3948848,00	9188,4266482275	36,607277483
TR321	Aydin	6286,83	989862,00	6351,2179869517	25,3036573185
TR322	Denizli	5929,46	931823,00	6363,2885869956	25,3517473585
TR323	Mugla	7789,79	817503,00	9528,7603030203	37,9631884582
TR331	Manisa	10793,49	1379484,00	7824,2916293338	31,1724766109
TR332	Afyon	3579,27	697559,00	5131,1405916919	20,442791202
TR333	Kütahya	4117,00	590496,00	6972,1035756381	27,7773050822
TR334	Usak	1628,76	338019,00	4818,5580692209	19,1974425069
TR411	Bursa	25863,17	2605495,00	9926,3947986851	39,5473896362
TR412	Eskisehir	8549,06	764584,00	11181,326918952	44,547119199
TR413	Bilecik	2398,06	225381,00	10640,015999574	42,3905019903
TR421	Kocaeli	22983,05	1560138,00	14731,4236381653	58,6909308293
TR422	Sakarya	4798,34	872872,00	5497,1880184036	21,9011474837
TR423	Düzce	1108,85	338188,00	3278,8007705773	13,0629512772
TR424	Bolu	3459,04	271208,00	12754,1829002094	50,8134776901
TR425	Yalova	1800,21	203741,00	8835,7917208613	35,2023574536
TR510	Ankara	47277,58	4771716,00	9907,8780212402	39,4736176145
TR521	Konya	11546,08	2013845,00	5733,3502906132	22,8420330303
TR522	Karaman	1620,97	232633,00	6967,9325375162	27,7606874005
TR611	Antalya	16093,93	1978333,00	8135,0949764271	32,4107369579
TR612	Isparta	3226,36	448298,00	7196,8999170195	28,6729080359
TR613	Burdur	2078,54	258868,00	8029,3397175395	31,9894012651
TR621	Adana	11546,08	2085225,00	5537,0901538203	22,0601201347
TR622	Içel	10614,24	1647899,00	6441,0762571007	25,6616583948
TR631	Hatay	7184,15	1480571,00	4852,2850974388	19,3318131372
TR632	Kahramanmaras	5243,66	1044816,00	5018,7432208159	19,9949929116
TR633	Osmaniye	1786,85	479221,00	3728,6625356568	14,8552292257
TR711	Kirikkale	2847,83	276647,00	10294,1017975976	41,0123577594
TR712	Aksaray	1059,87	377505,00	2807,5540350459	11,1854742432
TR713	Nigde	1697,79	337931,00	5024,0701385786	20,0162156915
TR714	Nevsehir	1784,63	282337,00	6320,9100507549	25,1829085687
TR715	Kirsehir	1017,56	221876,00	4586,1657998161	18,2715768917
TR721	Kayseri	7042,76	1234651,00	5704,2540394006	22,7261117108
TR722	Sivas	3834,22	642224,00	5970,222201288	23,7857458219
TR723	Yozgat	2154,24	476096,00	4524,8097148474	18,027130338
TR811	Zonguldak	5693,44	619703,00	9187,3658042643	36,603051013
TR812	Karabük	1103,28	227610,00	4847,2587056808	19,311787672
TR813	Bartin	610,09	187758,00	3249,3462435689	12,945602564
TR821	Kastamonu	2082,99	361222,00	5766,5156911816	22,9741661003
TR822	Çankiri	979,71	179067,00	5471,1799326509	21,7975296122
TR823	Sinop	1022,01	202740,00	5041,0049324258	20,0836849897
TR831	Samsun	6787,82	1252693,00	5418,5792297075	21,5879650586
TR832	Tokat	3819,75	617802,00	6182,8013295522	24,6326746197
TR833	Çorum	3310,97	535405,00	6184,041921536	24,6376172173
TR834	Amasya	1762,36	334786,00	5264,140958702	20,9726731422
TR901	Trabzon	4809,47	763714,00	6297,481181437	25,0895664599
TR902	Ordu	3040,43	719183,00	4227,6222074215	16,8431163642
TR903	Giresun	2622,94	419256,00	6256,1893282386	24,9250570846
TR904	Rize	2252,21	319637,00	7046,1635636675	28,0723647955
TR905	Artvin	1304,79	164759,00	7919,4012527389	31,5513994133
TR906	Gümüshane	650,17	129618,00	5016,0448934562	19,9842426034
TRA11	Erzurum	3358,84	769085,00	4367,3183718315	17,3996747882
TRA12	Erzincan	1221,29	224949,00	5429,2075492667	21,6303089612
TRA13	Bayburt	325,08	74412,00	4368,7154356824	17,4052407796
TRA21	Agri	1219,07	542022,00	2249,112028663	8,9606056919
TRA22	Kars	1151,16	301766,00	3814,7327333099	15,1981383797
TRA23	Igdir	591,16	184418,00	3205,5687568459	12,7711902663
TRA24	Ardahan	450,89	105454,00	4275,6864414816	17,0346073366
TRB11	Malatya	3558,12	740643,00	4804,0965998464	19,139827091
TRB12	Elazig	2838,93	552646,00	5136,9700423056	20,4660161048
TRB13	Bingöl	584,48	255170,00	2290,5700239056	9,1257769877
TRB14	Tunceli	420,83	76699,00	5486,7602315545	21,8596025162
TRB21	Van	2904,61	1035418,00	2805,2543987066	11,1763123454
TRB22	Mus	1001,97	406886,00	2462,5419970213	9,8109242909
TRB23	Bitlis	958,55	328767,00	2915,6058728522	11,6159596528
TRB24	Hakkari	761,50	251302,00	3030,2191626012	12,0725863052
TRC11	Gaziantep	6382,57	1700763,00	3752,7706729274	14,9512775814
TRC12	Adiyaman	1757,91	590935,00	2974,7899142884	11,8517526466
TRC13	Kilis	622,34	123135,00	5054,1040240387	20,1358726057
TRC21	Sanliurfa	4216,08	1663371,00	2534,6620537451	10,0982551942
TRC22	Diyarbakir	5164,62	1528958,00	3377,8682030507	13,4576422432
TRC31	Mardin	2425,89	744606,00	3257,9512561006	12,9798854825
TRC32	Batman	1942,72	510200,00	3807,7538024304	15,1703338742
TRC33	Sirnak	794,90	430109,00	1848,1344612645	7,363085503
TRC34	Siirt	1009,77	300695,00	3358,1103543458	13,3789257145
UKC1	Tees Valley And Durham	22275,00	1178288,00	18904,5462569423	75,3169173583
UKC2	Northumberland And Tyne And Wear	31329,00	1437942,00	21787,3878084095	86,8023418662
UKD1	Cumbria	11054,00	493968,00	22377,9678035824	89,1552502135
UKD3	Greater Manchester	64361,00	2645324,00	24330,1009630578	96,9326731596
UKD4	Lancashire	30425,00	1451828,00	20956,3391806743	83,4913911581
UKD7	Merseyside	32223,00	1355341,00	23774,8286224648	94,7204327588
UKE1	East Yorkshire And Northern Lincolnshire	19560,00	922646,00	21199,8968184981	84,4617403127
UKE2	North Yorkshire	18991,00	804865,00	23595,2613171153	94,0050251678
UKE3	South Yorkshire	26630,00	1333482,00	19970,2733145254	79,5628418905
UKE4	West Yorkshire	55129,00	2261517,00	24377,0000402385	97,1195220727
UKF1	Derbyshire And Nottinghamshire	47500,00	2104530,00	22570,3601279145	89,9217534977
UKF2	Leicestershire, Rutland And Northamptonshire	42158,00	1686536,00	24996,7981709255	99,5888373344
UKF3	Lincolnshire	14054,00	705330,00	19925,4249783789	79,3841632605
UKG1	Herefordshire, Worcestershire And Warwickshire	30827,00	1274424,00	24188,9669372203	96,3703862041
UKG2	Shropshire And Staffordshire	32244,00	1529294,00	21084,2388710085	84,0009516773
UKG3	West Midlands	63266,00	2664458,00	23744,4163128111	94,5992681785
UKH1	East Anglia	59897,00	2385592,00	25107,8139095034	100,0311311136
UKH2	Bedfordshire And Hertfordshire	49423,00	1734497,00	28494,1397996076	113,5224693211
UKH3	Essex	39372,00	1743826,00	22577,9406890366	89,9519549364
UKI1	Inner London	276323,00	3104888,00	88996,1248199613	354,5662343425
UKI2	Outer London	118436,00	4777763,00	24789,006905533	98,7609836874
UKJ1	Berkshire, Buckinghamshire And Oxfordshire	86541,00	2265640,00	38197,1540050493	152,1798964345
UKJ2	Surrey, East And West Sussex	78099,00	2712184,00	28795,6126870448	114,7235565221
UKJ3	Hampshire And Isle Of Wight	51652,00	1890360,00	27323,8959774858	108,8601433366
UKJ4	Kent	38896,00	1692780,00	22977,5871643096	91,5441719694
UKK1	Gloucestershire, Wiltshire And Bristol/Bath Area	68659,00	2364206,00	29041,0395710019	115,7013528725
UKK2	Dorset And Somerset	28527,00	1243716,00	22936,9084260394	91,382105283
UKK3	Cornwall And Isles Of Scilly	9187,00	539770,00	17020,2123126517	67,8096108074
UKK4	Devon	24259,00	1146264,00	21163,5364977004	84,3168784769
UKL1	West Wales And The Valleys	32982,00	1898052,00	17376,763123455	69,230131966
UKL2	East Wales	27446,00	1113184,00	24655,4028803863	98,2286967346
UKM2	Eastern Scotland	52647,00	2021088,00	26048,8410202821	103,7802431087
UKM3	South Western Scotland	55130,00	2303379,00	23934,4024583015	95,3561850928
UKM5	North Eastern Scotland	20138,00	465455,00	43265,1921238358	172,3712833619
UKM6	Highlands And Islands	9948,00	448525,00	22179,365698679	88,3640067676
UKN0	Northern Ireland	37813,00	1803334,00	20968,3841152	83,539378945
MK001	Vardarski (provisional code)	571,00	153880,00	3710,6836495971	14,7836001976
MK002	Istocen (provisional code)	603,00	179695,00	3355,6860235399	13,3692670261
MK003	Jugozapaden (provisional code)	585,00	221811,00	2637,3804725645	10,5074919226
MK004	Jugoistocen (provisional code)	727,00	173024,00	4201,7292398742	16,739957131
MK005	Pelagoniski (provisional code)	865,00	233952,00	3697,3396252223	14,7304367539
MK006	Poloski (provisional code)	543,00	315413,00	1721,5523773592	6,8587744118
MK007	Severoistocen (provisional code)	415,00	175211,00	2368,5727494278	9,4365448184
MK008	Skopski (provisional code)	3169,00	604298,00	5244,1014201603	20,8928343433
HR041	Grad Zagreb	14688,00	793616,00	18507,69137719	73,7358222199
HR042	Zagrebacka županija	2483,00	329758,00	7529,7642513601	29,9990607624
HR043	Krapinsko-zagorska županija	839,00	135371,00	6197,7823906154	24,692360122
HR044	Varaždinska županija	1462,00	179592,00	8140,6744175687	32,432965807
HR045	Koprivnicko-križevacka županija	988,00	118679,00	8324,9774602078	33,1672408773
HR046	Medimurska županija	966,00	117895,00	8193,7317104203	32,6443494439
HR047	Bjelovarsko-bilogorska županija	847,00	123010,00	6885,6190553614	27,4327452405
HR048	Viroviticko-podravska županija	538,00	86096,00	6248,8385058539	24,8957709397
HR049	Požeško-slavonska županija	491,00	80620,00	6090,3001736542	24,2641441181
HR04A	Brodsko-posavska županija	935,00	170989,00	5468,1880120944	21,7856096099
HR04B	Osjecko-baranjska županija	2529,00	316911,00	7980,1584672037	31,7934600287
HR04C	Vukovarsko-srijemska županija	1117,00	194706,00	5736,8545396649	22,8559941819
HR04D	Karlovacka županija	995,00	129892,00	7660,2100206325	30,5187650224
HR04E	Sisacko-moslavacka županija	1417,00	168313,00	8418,8387112107	33,5411900845
HR031	Primorsko-goranska županija	3782,00	303292,00	12469,8310539019	49,6806018084
HR032	Licko-senjska županija	411,00	48680,00	8442,892358258	33,6370213476
HR033	Zadarska županija	1419,00	176871,00	8022,7962752515	31,9633317739
HR034	Šibensko-kninska županija	869,00	112318,00	7736,9611282252	30,8245463276
HR035	Splitsko-dalmatinska županija	3686,00	482928,00	7632,6077593347	30,4087958539
HR036	Istarska županija	2714,00	214797,00	12635,1857800621	50,3393855779
HR037	Dubrovacko-neretvanska županija	1206,00	127803,00	9436,3982066149	37,5952119785
UKD61	Cheshire	6691,00	199567,00	33527,587226345	133,5760447265
